date,Weighted_Price
2012-01-01,5.0
2012-01-02,5.0
2012-01-03,5.2525
2012-01-04,5.208159313655556
2012-01-05,6.2841271510761905
2012-01-06,6.438999047607142
2012-01-07,6.8
2012-01-08,6.95
2012-01-09,6.582769666666665
2012-01-10,6.602999999999999
2012-01-11,7.120684842337494
2012-01-12,7.062499999999999
2012-01-13,6.9692365244187515
2012-01-14,6.414081197579999
2012-01-15,7.15
2012-01-16,6.714285714285715
2012-01-17,6.1483461580375005
2012-01-18,6.240688438936111
2012-01-19,6.225714285714285
2012-01-20,6.834999999999999
2012-01-21,6.386
2012-01-22,6.485
2012-01-23,6.4075
2012-01-24,6.495555555555554
2012-01-25,6.2836637977861125
2012-01-26,6.184091794074999
2012-01-27,5.65142857142857
2012-01-28,4.91
2012-01-29,5.696
2012-01-30,5.544999999999999
2012-01-31,5.6140454556560995
2012-02-01,5.784578347825
2012-02-02,6.170195246214032
2012-02-03,6.205149061870368
2012-02-04,6.0954747419625
2012-02-05,5.839202668429167
2012-02-06,5.52625
2012-02-07,5.672000000000001
2012-02-08,5.742069750966667
2012-02-09,5.7835714285714275
2012-02-10,5.876923076923076
2012-02-11,5.605
2012-02-12,5.637499999999999
2012-02-13,5.648181818181818
2012-02-14,5.19323665560303
2012-02-15,4.945263157894737
2012-02-16,4.577144055188235
2012-02-17,4.690011362803124
2012-02-18,4.398910980869231
2012-02-19,4.331666666666666
2012-02-20,4.557995986628573
2012-02-21,4.484217150443752
2012-02-22,4.542749342733334
2012-02-23,4.889657323899999
2012-02-24,5.138749626680001
2012-02-25,5.038870406285715
2012-02-26,4.954744525542858
2012-02-27,5.049619004523076
2012-02-28,4.991630873960715
2012-02-29,4.952721849259999
2012-03-01,5.003911482863334
2012-03-02,4.765098423823529
2012-03-03,4.760811041077777
2012-03-04,4.793333333333333
2012-03-05,4.9496577627195135
2012-03-06,4.996287446934781
2012-03-07,5.059947778827588
2012-03-08,4.972471257226315
2012-03-09,5.018074118425001
2012-03-10,4.914899488455556
2012-03-11,4.926666666666667
2012-03-12,4.9590000000000005
2012-03-13,5.074693937022501
2012-03-14,5.37487217418846
2012-03-15,5.33782869389375
2012-03-16,5.34076923076923
2012-03-17,5.402222222222223
2012-03-18,5.318928475693334
2012-03-19,5.11387265022
2012-03-20,4.9108234823375
2012-03-21,4.936666666666667
2012-03-22,4.878290967266667
2012-03-23,4.762450717150001
2012-03-24,4.731428571428571
2012-03-25,4.642
2012-03-26,4.626121242606668
2012-03-27,4.785504216329413
2012-03-28,4.892921830539586
2012-03-29,4.827698761333334
2012-03-30,4.836740067071427
2012-03-31,4.9086644633
2012-04-01,4.816418011217646
2012-04-02,4.932927819879546
2012-04-03,4.968666666666667
2012-04-04,4.936244503809525
2012-04-05,4.959276106614285
2012-04-06,4.923051811154167
2012-04-07,4.83019278485
2012-04-08,4.769042307006667
2012-04-09,4.799090909090909
2012-04-10,4.822065650461537
2012-04-11,4.867793801124243
2012-04-12,4.843435406215789
2012-04-13,4.896836595095554
2012-04-14,4.976230279496297
2012-04-15,4.957076090463636
2012-04-16,4.96047619047619
2012-04-17,4.986875
2012-04-18,5.094581699635896
2012-04-19,5.127226817267647
2012-04-20,5.179224536312501
2012-04-21,5.291922534568181
2012-04-22,5.2100387899
2012-04-23,5.159206013681252
2012-04-24,5.089392589964518
2012-04-25,5.041202056590697
2012-04-26,5.030816926784374
2012-04-27,5.025541801600002
2012-04-28,4.948282867594444
2012-04-29,4.902995542028571
2012-04-30,4.950281606237037
2012-05-01,4.967961824393331
2012-05-02,5.08419201134
2012-05-03,5.105032944464515
2012-05-04,5.105194483023406
2012-05-05,5.065191399914286
2012-05-06,5.062596987210345
2012-05-07,5.03562526256905
2012-05-08,5.044669705235295
2012-05-09,5.041008901744829
2012-05-10,4.991689537736361
2012-05-11,4.927250876036002
2012-05-12,4.945
2012-05-13,4.9433333333333325
2012-05-14,4.926104911291667
2012-05-15,4.962499999999999
2012-05-16,5.017194941556251
2012-05-17,5.022990033096153
2012-05-18,5.049977029252941
2012-05-19,5.064166666666666
2012-05-20,5.05
2012-05-21,5.0484842577523805
2012-05-22,5.051258218641666
2012-05-23,5.070078712188001
2012-05-24,5.0913536225411775
2012-05-25,5.089375000000001
2012-05-26,5.077692307692308
2012-05-27,5.050792766022222
2012-05-28,5.077857142857141
2012-05-29,5.063576827860815
2012-05-30,5.113079997282856
2012-05-31,5.1365708110979575
2012-06-01,5.20599539841
2012-06-02,5.1899999999999995
2012-06-03,5.193320086687501
2012-06-04,5.188722390130956
2012-06-05,5.356036192552383
2012-06-06,5.419216381598302
2012-06-07,5.462558787839287
2012-06-08,5.586665193755771
2012-06-09,5.567592877320834
2012-06-10,5.487061504770588
2012-06-11,5.49961740499697
2012-06-12,5.803756465251054
2012-06-13,5.8915386617352405
2012-06-14,5.8427788073603475
2012-06-15,5.9134438926333335
2012-06-16,6.398630870741268
2012-06-17,6.272997119149229
2012-06-18,6.160980842855387
2012-06-19,6.396294048322223
2012-06-20,6.5399417770714265
2012-06-21,6.657400980369442
2012-06-22,6.598596523589191
2012-06-23,6.494622018104347
2012-06-24,6.384365519594737
2012-06-25,6.24049745683333
2012-06-26,6.344247736120514
2012-06-27,6.525389789205143
2012-06-28,6.384516551589842
2012-06-29,6.557282505852942
2012-06-30,6.57027606549412
2012-07-01,6.568665923334615
2012-07-02,6.607437632111112
2012-07-03,6.562090555570791
2012-07-04,6.495970786994522
2012-07-05,6.622069740755714
2012-07-06,6.5496223722060005
2012-07-07,6.6696489400581065
2012-07-08,6.6765959776490895
2012-07-09,6.80987377324494
2012-07-10,7.035563261024297
2012-07-11,7.107861852432143
2012-07-12,7.192802051617647
2012-07-13,7.588703539548937
2012-07-14,7.52844459319762
2012-07-15,7.496622779385185
2012-07-16,7.68554926055102
2012-07-17,8.248090183756778
2012-07-18,8.810920417472714
2012-07-19,9.044016570401892
2012-07-20,8.226315533812297
2012-07-21,8.716800962495194
2012-07-22,8.635233850418917
2012-07-23,8.623770541267998
2012-07-24,8.59430963004624
2012-07-25,8.481570695308534
2012-07-26,8.621949572094115
2012-07-27,8.849249283254712
2012-07-28,8.891124615253124
2012-07-29,8.736309195422223
2012-07-30,8.776974279934691
2012-07-31,9.199745737432941
2012-08-01,9.3525536232055
2012-08-02,9.687771690878101
2012-08-03,10.740892757976379
2012-08-04,10.912196834900001
2012-08-05,10.475817334361704
2012-08-06,10.779617035931814
2012-08-07,10.785514532321839
2012-08-08,10.887322073106192
2012-08-09,11.231226293304971
2012-08-10,11.177865358169992
2012-08-11,11.321710770461538
2012-08-12,11.458883619270267
2012-08-13,11.667088191716541
2012-08-14,12.027636343612897
2012-08-15,12.54788075610448
2012-08-16,13.325146148913069
2012-08-17,14.181339029388107
2012-08-18,11.841461567607407
2012-08-19,9.260435131779811
2012-08-20,9.247931480158277
2012-08-21,10.15546376300657
2012-08-22,10.17025966831633
2012-08-23,9.997308178352498
2012-08-24,10.11754753069316
2012-08-25,10.403661134934781
2012-08-26,10.511683479368415
2012-08-27,11.291136283406779
2012-08-28,10.946593870759557
2012-08-29,10.829016097784717
2012-08-30,10.750705151745455
2012-08-31,10.346418775135758
2012-09-01,10.01529679466129
2012-09-02,9.963247868596715
2012-09-03,10.23295653804201
2012-09-04,10.31723812630392
2012-09-05,10.473044015340653
2012-09-06,10.863209638445783
2012-09-07,11.014452915521355
2012-09-08,10.873784493032261
2012-09-09,10.920702610349204
2012-09-10,10.90479885749153
2012-09-11,10.887588795310048
2012-09-12,11.032263086802526
2012-09-13,11.23075027666038
2012-09-14,11.421603376389996
2012-09-15,11.566979353904765
2012-09-16,11.64600840551136
2012-09-17,11.74990485691935
2012-09-18,11.872647486174326
2012-09-19,12.309612658798084
2012-09-20,12.432303596440008
2012-09-21,12.191508362115695
2012-09-22,12.086269472358971
2012-09-23,11.916645927828295
2012-09-24,11.883397582193972
2012-09-25,11.8894497135838
2012-09-26,11.99921294731411
2012-09-27,12.117398208969
2012-09-28,12.111030625047624
2012-09-29,12.214336000925385
2012-09-30,12.191483677181816
2012-10-01,12.113980524600017
2012-10-02,12.398647191400007
2012-10-03,12.758224867911101
2012-10-04,12.738903375689015
2012-10-05,12.470259031182653
2012-10-06,12.390459454288644
2012-10-07,11.958112975190474
2012-10-08,11.082982533996036
2012-10-09,11.922079247394738
2012-10-10,11.98173728796522
2012-10-11,11.875190511523266
2012-10-12,11.99794110203261
2012-10-13,11.917870616405406
2012-10-14,11.843349819047617
2012-10-15,11.515769151293025
2012-10-16,11.65799971433333
2012-10-17,11.725440812829788
2012-10-18,11.789466342187508
2012-10-19,11.70650470184716
2012-10-20,11.61464155192424
2012-10-21,11.468494392070173
2012-10-22,11.480045421179693
2012-10-23,11.547511298532388
2012-10-24,11.400309795925937
2012-10-25,10.999885768031486
2012-10-26,10.23376950594855
2012-10-27,10.236638100811367
2012-10-28,10.521645805477275
2012-10-29,10.62928031158861
2012-10-30,10.70110339250283
2012-10-31,10.826328181340319
2012-11-01,10.924566418079648
2012-11-02,10.72082080167369
2012-11-03,10.579144958574817
2012-11-04,10.523601420896004
2012-11-05,10.666534097148933
2012-11-06,10.670879999125832
2012-11-07,10.715244253560666
2012-11-08,10.60893706186623
2012-11-09,10.791327186556687
2012-11-10,10.783541610254545
2012-11-11,10.750779675765958
2012-11-12,10.844783307383926
2012-11-13,10.89941496222034
2012-11-14,10.904606175144735
2012-11-15,10.96776515468334
2012-11-16,11.206910646290748
2012-11-17,11.528034449896557
2012-11-18,11.546522626836069
2012-11-19,11.487373240455037
2012-11-20,11.607169055806267
2012-11-21,11.578547932351158
2012-11-22,11.812015212926632
2012-11-23,12.037931265298383
2012-11-24,12.170092348114288
2012-11-25,12.293074484506333
2012-11-26,12.255183518506584
2012-11-27,12.02773481271538
2012-11-28,12.174468771415267
2012-11-29,12.318351923517858
2012-11-30,12.36780801136365
2012-12-01,12.400915286550001
2012-12-02,12.39072510634921
2012-12-03,12.452016470395527
2012-12-04,12.711616593385603
2012-12-05,13.120295160305556
2012-12-06,13.336975134120893
2012-12-07,13.349055617550011
2012-12-08,13.346861429086957
2012-12-09,13.235927302416655
2012-12-10,13.280852346828953
2012-12-11,13.327084602470597
2012-12-12,13.39433694096628
2012-12-13,13.421430500364549
2012-12-14,13.606684147119557
2012-12-15,13.371849724632646
2012-12-16,13.343715079192977
2012-12-17,13.083186532777779
2012-12-18,13.066363703458823
2012-12-19,13.20461356217791
2012-12-20,13.324309687592928
2012-12-21,13.308969852117643
2012-12-22,13.237172882035713
2012-12-23,13.156910782759999
2012-12-24,13.128006334306669
2012-12-25,13.161517484803577
2012-12-26,13.117127009789465
2012-12-27,13.098514126045165
2012-12-28,13.167549841374207
2012-12-29,13.217500000000008
2012-12-30,13.216033852719296
2012-12-31,13.196512992396398
2013-01-01,13.07309925582353
2013-01-02,13.121748080393937
2013-01-03,13.147361509614177
2013-01-04,13.154518186536022
2013-01-05,13.13949588750001
2013-01-06,13.10560951378947
2013-01-07,13.157760792855425
2013-01-08,13.327079372787843
2013-01-09,13.464341625274702
2013-01-10,13.779592797795333
2013-01-11,13.97056889244444
2013-01-12,13.973431726270588
2013-01-13,13.777941439236848
2013-01-14,13.92362252958599
2013-01-15,14.129787132926701
2013-01-16,14.400227881619637
2013-01-17,15.008464585346147
2013-01-18,15.482781061073332
2013-01-19,15.435258029383725
2013-01-20,15.530278491556816
2013-01-21,16.23919113663493
2013-01-22,17.127844745781083
2013-01-23,17.272787536819862
2013-01-24,17.914308166649985
2013-01-25,17.117143342042727
2013-01-26,17.076923317435117
2013-01-27,17.462413035419992
2013-01-28,18.048152132554993
2013-01-29,19.175100560389623
2013-01-30,19.189745670940002
2013-01-31,20.230478439333332
2013-02-01,20.565553967022986
2013-02-02,19.838095461157305
2013-02-03,20.163456846036357
2013-02-04,20.393862906149128
2013-02-05,20.39324437252381
2013-02-06,20.78953421410128
2013-02-07,21.34698616338823
2013-02-08,22.285542561104922
2013-02-09,22.889595861445255
2013-02-10,23.330170564153825
2013-02-11,23.65464891888887
2013-02-12,25.001443982232853
2013-02-13,25.549137680325327
2013-02-14,25.803475023608687
2013-02-15,27.157879545444985
2013-02-16,27.2382248222814
2013-02-17,26.661967002369273
2013-02-18,26.735107539109077
2013-02-19,28.184052009586463
2013-02-20,29.68506839777774
2013-02-21,29.901463658327764
2013-02-22,30.602213441407194
2013-02-23,29.03438304278455
2013-02-24,29.75212549035976
2013-02-25,30.159008588290114
2013-02-26,31.067403809269372
2013-02-27,31.2670100609053
2013-02-28,33.37984566993889
2013-03-01,34.13246101189785
2013-03-02,34.15819655571428
2013-03-03,34.158861156399986
2013-03-04,35.588251106505815
2013-03-05,39.72658391517358
2013-03-06,46.34536393617808
2013-03-07,41.96996575322251
2013-03-08,43.03989749952901
2013-03-09,44.61763457177644
2013-03-10,46.28755914460498
2013-03-11,47.44088411476228
2013-03-12,44.30228900832533
2013-03-13,46.22939937123764
2013-03-14,47.36082563895725
2013-03-15,47.11043259971928
2013-03-16,46.7831659781871
2013-03-17,46.98465675645029
2013-03-18,47.78570547412995
2013-03-19,55.08643222018013
2013-03-20,62.47921739061078
2013-03-21,70.28545457149846
2013-03-22,71.42059562797589
2013-03-23,63.72789729597439
2013-03-24,68.61874579028715
2013-03-25,73.55523280107376
2013-03-26,79.05730191491442
2013-03-27,86.75795428189616
2013-03-28,92.1088362449875
2013-03-29,90.29018257125699
2013-03-30,92.4718041535954
2013-03-31,94.12284450212213
2013-04-01,100.41489521803594
2013-04-02,109.4694863827955
2013-04-03,130.95468728784286
2013-04-04,132.97382748491418
2013-04-05,139.46823902052105
2013-04-06,142.08116265287654
2013-04-07,153.4195719395022
2013-04-08,182.56032858151738
2013-04-09,211.41548386512122
2013-04-10,207.06479544402904
2013-04-11,124.66616755192251
2013-04-12,77.31374264678564
2013-04-13,103.40068939323156
2013-04-14,95.97060673523023
2013-04-15,90.61443563250404
2013-04-16,65.47475030134936
2013-04-17,81.96189438833875
2013-04-18,94.52608170189909
2013-04-19,117.07468137183488
2013-04-20,121.64526324352575
2013-04-21,120.79445674237171
2013-04-22,120.83071848192557
2013-04-23,129.55207130806494
2013-04-24,146.41457726168832
2013-04-25,150.38656672127226
2013-04-26,134.66959151377145
2013-04-27,134.0783130308481
2013-04-28,133.35673431413704
2013-04-29,140.57227312791665
2013-04-30,141.6140156888619
2013-05-01,128.5220747907083
2013-05-02,112.26597834351749
2013-05-03,94.05258676361599
2013-05-04,104.43963797527826
2013-05-05,114.31711664590571
2013-05-06,118.76483723965987
2013-05-07,107.7943155868182
2013-05-08,113.08229225758735
2013-05-09,111.6339464129293
2013-05-10,116.10643065768205
2013-05-11,116.03949981397285
2013-05-12,115.43591871809578
2013-05-13,116.2009084994225
2013-05-14,115.75196368482094
2013-05-15,109.67778061777938
2013-05-16,110.87186680798604
2013-05-17,114.83510403590148
2013-05-18,117.63664529986501
2013-05-19,117.90182232589973
2013-05-20,117.63770055219211
2013-05-21,117.83379648300138
2013-05-22,118.516270491475
2013-05-23,120.53929507505349
2013-05-24,125.84546326465458
2013-05-25,128.6924335438467
2013-05-26,129.41892782597498
2013-05-27,129.35692412239428
2013-05-28,125.92504661598281
2013-05-29,127.60702485743325
2013-05-30,129.32892492699506
2013-05-31,127.79911624813889
2013-06-01,128.278399263262
2013-06-02,123.30825862730737
2013-06-03,120.1622776387348
2013-06-04,121.66771123094107
2013-06-05,120.72273427795085
2013-06-06,120.14550914702201
2013-06-07,113.95926097308063
2013-06-08,109.60781935493095
2013-06-09,99.39906288199695
2013-06-10,102.5716856784497
2013-06-11,106.19270826273154
2013-06-12,107.92812368860486
2013-06-13,106.07273171946095
2013-06-14,100.32195388306118
2013-06-15,99.87629968953362
2013-06-16,99.94909300423657
2013-06-17,100.15254121430284
2013-06-18,104.4927268177071
2013-06-19,105.5488442564957
2013-06-20,106.0203006937567
2013-06-21,101.72862464171753
2013-06-22,100.5316568477301
2013-06-23,99.97485398485307
2013-06-24,98.8786183904145
2013-06-25,99.49129448903388
2013-06-26,98.57066376707893
2013-06-27,97.93029984684127
2013-06-28,91.66111771510033
2013-06-29,89.57389925564112
2013-06-30,89.09129346812085
2013-07-01,86.75621381022746
2013-07-02,86.14394169119332
2013-07-03,84.35316147573884
2013-07-04,77.835620617748
2013-07-05,72.0318303857571
2013-07-06,67.05685500785277
2013-07-07,67.83868202720066
2013-07-08,74.06340633985734
2013-07-09,73.70773654826041
2013-07-10,78.22420071133679
2013-07-11,86.084371310255
2013-07-12,92.33787231092509
2013-07-13,89.4080788228254
2013-07-14,91.80153313831997
2013-07-15,92.48427979952788
2013-07-16,92.60486596352602
2013-07-17,91.23002406369723
2013-07-18,83.81155978138473
2013-07-19,84.81905724065075
2013-07-20,86.23475608767376
2013-07-21,85.25760294258357
2013-07-22,86.08180219719328
2013-07-23,86.57438485580603
2013-07-24,87.48576596817045
2013-07-25,89.2100067544251
2013-07-26,90.24781596074104
2013-07-27,88.87065857193083
2013-07-28,89.90837184750896
2013-07-29,92.7077661379648
2013-07-30,94.29181251152296
2013-07-31,98.92372688636868
2013-08-01,97.29957491482342
2013-08-02,96.88013644269843
2013-08-03,95.90904401710607
2013-08-04,96.21513222015291
2013-08-05,97.60467049409864
2013-08-06,98.06236088822943
2013-08-07,97.61684360148878
2013-08-08,95.07566515818321
2013-08-09,93.46015313725943
2013-08-10,93.11680553973237
2013-08-11,93.84313539742864
2013-08-12,94.1522613995312
2013-08-13,96.0607534560893
2013-08-14,99.03029734865716
2013-08-15,98.72262958023961
2013-08-16,97.93717275693302
2013-08-17,98.46699908428954
2013-08-18,99.05508967608162
2013-08-19,102.0504542973147
2013-08-20,103.84345431669966
2013-08-21,107.75128841318227
2013-08-22,111.51344249752044
2013-08-23,108.05756800769912
2013-08-24,108.52419922667929
2013-08-25,111.17266081321715
2013-08-26,112.19146448189211
2013-08-27,116.96219459835658
2013-08-28,118.45608982027787
2013-08-29,118.63982908197421
2013-08-30,121.43060010200001
2013-08-31,128.4690702787543
2013-09-01,130.20122067867845
2013-09-02,130.66019610683992
2013-09-03,129.6792918305478
2013-09-04,126.96542746583262
2013-09-05,121.60187160282806
2013-09-06,121.25625232655096
2013-09-07,118.76252368805005
2013-09-08,118.76511000104732
2013-09-09,119.52759962679814
2013-09-10,122.72692690145705
2013-09-11,123.08489379398408
2013-09-12,126.8719753915123
2013-09-13,127.63822319944677
2013-09-14,126.14854136265932
2013-09-15,124.7672546275078
2013-09-16,125.89887921915899
2013-09-17,126.77719349076159
2013-09-18,127.37764933503436
2013-09-19,125.9285809146694
2013-09-20,124.00890061551019
2013-09-21,123.28387668136352
2013-09-22,123.02225660492233
2013-09-23,123.1766355270065
2013-09-24,122.89136891813743
2013-09-25,124.29187881281189
2013-09-26,124.24295258127941
2013-09-27,125.68357310764611
2013-09-28,126.49022081650764
2013-09-29,127.47402803794196
2013-09-30,126.14960563982207
2013-10-01,127.11460561988196
2013-10-02,119.57569924564872
2013-10-03,111.83379391692166
2013-10-04,120.9214849625915
2013-10-05,121.55725771205839
2013-10-06,121.79982350859034
2013-10-07,123.21964037775233
2013-10-08,123.77355678374997
2013-10-09,125.16417636500468
2013-10-10,125.94521378554644
2013-10-11,126.73282546927805
2013-10-12,127.42655677063263
2013-10-13,129.13562483469076
2013-10-14,135.22247237266416
2013-10-15,137.19596380246296
2013-10-16,143.59622152025526
2013-10-17,141.73362543915093
2013-10-18,147.62774114007004
2013-10-19,161.58647001330576
2013-10-20,165.4185290736776
2013-10-21,173.89826560800662
2013-10-22,189.01618447114507
2013-10-23,195.36907476794278
2013-10-24,193.08294905793434
2013-10-25,181.37353612196588
2013-10-26,181.86760883744353
2013-10-27,187.42734303160447
2013-10-28,194.96951640561565
2013-10-29,199.18272031730308
2013-10-30,202.2194195526741
2013-10-31,200.80980236715345
2013-11-01,202.78817459334272
2013-11-02,204.224980464739
2013-11-03,206.0828262890607
2013-11-04,217.56834763909671
2013-11-05,236.12561655350183
2013-11-06,255.23160911105586
2013-11-07,283.16836312556836
2013-11-08,314.5135579686249
2013-11-09,342.767137673884
2013-11-10,304.52006921059774
2013-11-11,332.0444592562997
2013-11-12,349.68372023505896
2013-11-13,378.25488731269485
2013-11-14,410.2829808968447
2013-11-15,419.96204282503936
2013-11-16,431.62211023022223
2013-11-17,458.85324057553214
2013-11-18,536.8088248075613
2013-11-19,620.5784812831283
2013-11-20,539.7017145956299
2013-11-21,656.9830293073952
2013-11-22,740.3852785876104
2013-11-23,834.3670151675223
2013-11-24,804.0320226751156
2013-11-25,811.5104820044605
2013-11-26,843.7796220381489
2013-11-27,926.1754515304418
2013-11-28,990.5869740696561
2013-11-29,1059.8018359283571
2013-11-30,1137.7630898451728
2013-12-01,1017.485921682724
2013-12-02,1012.625147513578
2013-12-03,1048.2971794859855
2013-12-04,1094.9679607064925
2013-12-05,1040.8929258980509
2013-12-06,945.859651353746
2013-12-07,724.9194488122793
2013-12-08,730.0826574569385
2013-12-09,864.3252139297693
2013-12-10,938.3442077078762
2013-12-11,908.0493751463177
2013-12-12,865.4650062469386
2013-12-13,882.7602122342578
2013-12-14,862.3830983156502
2013-12-15,840.6396370960194
2013-12-16,785.2707489731055
2013-12-17,686.6156009924308
2013-12-18,562.0831246567062
2013-12-19,615.0327572187805
2013-12-20,671.5474956659041
2013-12-21,606.7941129591054
2013-12-22,625.9042363995958
2013-12-23,635.4696705818366
2013-12-24,650.4801753334343
2013-12-25,658.7347454082
2013-12-26,716.3269433927259
2013-12-27,727.959406314532
2013-12-28,721.1338040641479
2013-12-29,715.5281205480655
2013-12-30,733.6560127499918
2013-12-31,728.728912148718
2014-01-01,745.3022835484231
2014-01-02,757.8293393504099
2014-01-03,796.7247604782968
2014-01-04,811.281011021777
2014-01-05,867.8307954830228
2014-01-06,938.2668169391143
2014-01-07,885.6486565753937
2014-01-08,814.7261908723227
2014-01-09,821.4768356147005
2014-01-10,824.5829231929214
2014-01-11,878.6550502129478
2014-01-12,863.6508174436918
2014-01-13,818.0244942617769
2014-01-14,822.9749567763077
2014-01-15,835.0645725273588
2014-01-16,833.0675566349987
2014-01-17,800.3965244933755
2014-01-18,807.8320352185733
2014-01-19,816.2591745427699
2014-01-20,831.9286600018202
2014-01-21,822.143042753144
2014-01-22,816.7382973609825
2014-01-23,813.9521707856876
2014-01-24,788.4669287206672
2014-01-25,797.0331379423307
2014-01-26,814.0300913371333
2014-01-27,798.1390332410413
2014-01-28,778.5882142883296
2014-01-29,794.3618304738501
2014-01-30,791.7568311739353
2014-01-31,801.9045488760901
2014-02-01,812.479450764184
2014-02-02,818.058049004721
2014-02-03,809.2335974138696
2014-02-04,804.8055314647589
2014-02-05,801.6408530542662
2014-02-06,779.804548818282
2014-02-07,720.709905183239
2014-02-08,705.1702313132384
2014-02-09,694.3738613114973
2014-02-10,671.6454660406674
2014-02-11,688.2763319762984
2014-02-12,661.5993597358732
2014-02-13,641.8988793232484
2014-02-14,630.616337069581
2014-02-15,652.1472162992844
2014-02-16,635.6935735503291
2014-02-17,633.973767301384
2014-02-18,631.0468708257227
2014-02-19,626.8182020469059
2014-02-20,598.9394154900447
2014-02-21,567.7636123956445
2014-02-22,583.6586685823396
2014-02-23,621.4556581673372
2014-02-24,567.7354189870248
2014-02-25,499.07450976634806
2014-02-26,575.0887891892388
2014-02-27,583.9970524093444
2014-02-28,570.5369926595953
2014-03-01,562.3369960598768
2014-03-02,563.3675210533188
2014-03-03,609.7702866696543
2014-03-04,679.7002571188498
2014-03-05,665.5702452201964
2014-03-06,665.2029977200783
2014-03-07,642.7092981360299
2014-03-08,621.4135246132107
2014-03-09,631.5741733479827
2014-03-10,629.3516798826787
2014-03-11,627.0207425572403
2014-03-12,639.2534184464249
2014-03-13,642.7586946242504
2014-03-14,635.3297582905419
2014-03-15,633.4088642776895
2014-03-16,633.9149593363006
2014-03-17,626.0046215061443
2014-03-18,613.7672022814946
2014-03-19,613.6557655518332
2014-03-20,595.5329065874207
2014-03-21,581.720099477796
2014-03-22,561.952561897848
2014-03-23,564.0943469030868
2014-03-24,565.0836267289699
2014-03-25,578.0753310557964
2014-03-26,580.5978474931247
2014-03-27,541.5084247537181
2014-03-28,502.6775289336548
2014-03-29,499.35175016555297
2014-03-30,467.3055213614927
2014-03-31,456.08557457938116
2014-04-01,476.05663340290283
2014-04-02,464.40922857973936
2014-04-03,435.1417396655086
2014-04-04,444.86213981738103
2014-04-05,452.01187319468124
2014-04-06,458.3197855052193
2014-04-07,454.7159459126228
2014-04-08,453.1708629218047
2014-04-09,448.0632012558854
2014-04-10,406.3350036122073
2014-04-11,403.7644169019976
2014-04-12,426.56294778505054
2014-04-13,415.2001851613716
2014-04-14,450.3249236342447
2014-04-15,489.1228775279817
2014-04-16,518.5967838752373
2014-04-17,505.7783607302561
2014-04-18,487.31951594074377
2014-04-19,494.4972613664154
2014-04-20,504.5547176650304
2014-04-21,501.7745144711492
2014-04-22,495.1011158786676
2014-04-23,490.0607362020371
2014-04-24,489.8035635501775
2014-04-25,463.7979922031906
2014-04-26,458.6004303949266
2014-04-27,450.91369504318754
2014-04-28,438.25714089379005
2014-04-29,445.41362606465276
2014-04-30,445.66197232984666
2014-05-01,456.539573600228
2014-05-02,451.37525614880275
2014-05-03,441.73831162413654
2014-05-04,436.198773027369
2014-05-05,432.68456143421344
2014-05-06,428.9421266156654
2014-05-07,439.46896145662635
2014-05-08,444.403531299933
2014-05-09,448.1706122800114
2014-05-10,453.2414677197234
2014-05-11,443.5373297603182
2014-05-12,439.8145801518472
2014-05-13,438.5659463304914
2014-05-14,443.7092394620817
2014-05-15,448.6997157769104
2014-05-16,448.30453665101925
2014-05-17,449.25759371957685
2014-05-18,447.78770480087695
2014-05-19,446.7568898036201
2014-05-20,470.4523962657156
2014-05-21,494.6469170793034
2014-05-22,512.9736587049521
2014-05-23,531.361494634407
2014-05-24,522.2145424989308
2014-05-25,564.4824909450497
2014-05-26,582.6572002628633
2014-05-27,574.6692883289998
2014-05-28,574.5285940763919
2014-05-29,569.4805655913154
2014-05-30,599.9502348396567
2014-05-31,621.8122340062873
2014-06-01,646.9156818905166
2014-06-02,638.1286246097171
2014-06-03,666.4350177053291
2014-06-04,642.7320226191043
2014-06-05,654.4798019812347
2014-06-06,656.9396803969798
2014-06-07,651.867734881626
2014-06-08,655.5072230946405
2014-06-09,649.2098564562588
2014-06-10,649.8772483468986
2014-06-11,638.0825308963318
2014-06-12,615.0012241690881
2014-06-13,589.7634321612767
2014-06-14,569.5367726603079
2014-06-15,565.6481651679118
2014-06-16,596.9648255100706
2014-06-17,596.0596417942597
2014-06-18,608.3900676610992
2014-06-19,604.9851913997529
2014-06-20,591.76909928839
2014-06-21,589.3397291964833
2014-06-22,598.962208415986
2014-06-23,589.602405259954
2014-06-24,585.3131277031747
2014-06-25,567.8672532141526
2014-06-26,569.470687698136
2014-06-27,584.8373260482117
2014-06-28,597.02441828869
2014-06-29,595.7158859736778
2014-06-30,623.8850455264156
2014-07-01,648.6118993362506
2014-07-02,647.478871726522
2014-07-03,646.6918858482297
2014-07-04,635.9768783602138
2014-07-05,630.0469331735162
2014-07-06,633.0452773812583
2014-07-07,626.1659438177005
2014-07-08,622.697527548948
2014-07-09,623.1787311230504
2014-07-10,616.9053632316732
2014-07-11,625.4092608437192
2014-07-12,634.0003167978685
2014-07-13,632.7125457808066
2014-07-14,623.3291373771642
2014-07-15,622.4934028056819
2014-07-16,619.261524982786
2014-07-17,619.5575142885199
2014-07-18,625.4779329014218
2014-07-19,629.22701301103
2014-07-20,624.4328200184441
2014-07-21,621.0155042318038
2014-07-22,622.6502424891962
2014-07-23,620.8981775766285
2014-07-24,608.8714257584834
2014-07-25,601.6396963659273
2014-07-26,595.564221941183
2014-07-27,595.2056076873561
2014-07-28,584.1475030905711
2014-07-29,584.2350446784534
2014-07-30,574.7080914662032
2014-07-31,575.2499371036103
2014-08-01,593.6467095128365
2014-08-02,592.6797059047278
2014-08-03,585.3293716652823
2014-08-04,588.0948508490263
2014-08-05,582.706898027591
2014-08-06,581.4313731901865
2014-08-07,584.7123829362774
2014-08-08,590.4348527073269
2014-08-09,588.1130169649996
2014-08-10,589.6443520792056
2014-08-11,583.827858816987
2014-08-12,568.5751801135417
2014-08-13,551.6369342160876
2014-08-14,519.3437080124182
2014-08-15,507.2139595195481
2014-08-16,503.9399816501773
2014-08-17,503.7453431926045
2014-08-18,477.65176562766237
2014-08-19,480.6567237757659
2014-08-20,494.4463627457712
2014-08-21,522.2055335910765
2014-08-22,514.0000833495562
2014-08-23,503.89761761137964
2014-08-24,504.4017112049578
2014-08-25,503.18939910257296
2014-08-26,509.1422944261763
2014-08-27,516.4334734295832
2014-08-28,510.04045880418647
2014-08-29,507.8002013274062
2014-08-30,503.4658520207291
2014-08-31,488.26216380261434
2014-09-01,480.3251985484894
2014-09-02,477.9954348973159
2014-09-03,475.70781475693684
2014-09-04,482.2565530305913
2014-09-05,483.6011799175717
2014-09-06,480.82794523360843
2014-09-07,480.13432274620436
2014-09-08,468.7411954091262
2014-09-09,467.1379419178023
2014-09-10,480.9444051726295
2014-09-11,475.4112861530886
2014-09-12,472.44730497941606
2014-09-13,475.84831704142744
2014-09-14,476.99978149022263
2014-09-15,475.54094079285386
2014-09-16,468.88839135100557
2014-09-17,455.788239873791
2014-09-18,437.2250061600006
2014-09-19,405.3324288040358
2014-09-20,412.2566426859769
2014-09-21,403.72410852114734
2014-09-22,402.5949969616557
2014-09-23,410.74019605219854
2014-09-24,429.35076785115206
2014-09-25,412.2258084603745
2014-09-26,405.4787714437534
2014-09-27,403.1417903613573
2014-09-28,390.7662332704162
2014-09-29,378.3304829187258
2014-09-30,380.795139884247
2014-10-01,385.6596988617111
2014-10-02,379.4009515867029
2014-10-03,368.1935791175914
2014-10-04,346.80614117887274
2014-10-05,314.68272470091483
2014-10-06,320.52627127440496
2014-10-07,328.50651997047873
2014-10-08,340.1530396903036
2014-10-09,366.0950923589683
2014-10-10,363.1245429579241
2014-10-11,359.7440447547953
2014-10-12,364.6250906793726
2014-10-13,380.73435775051007
2014-10-14,404.1079521107414
2014-10-15,394.8802426072439
2014-10-16,385.92387570931396
2014-10-17,380.3359852544097
2014-10-18,386.5954132057858
2014-10-19,389.69653800593926
2014-10-20,383.6359284514095
2014-10-21,385.78130584236845
2014-10-22,384.61379678458536
2014-10-23,367.7819302800657
2014-10-24,358.0403597497957
2014-10-25,349.8789230109128
2014-10-26,353.4300938860248
2014-10-27,354.18903629543075
2014-10-28,354.63141612917235
2014-10-29,346.1564528071148
2014-10-30,339.7190980965768
2014-10-31,342.49462124190467
2014-11-01,329.1414329398622
2014-11-02,324.96603001517525
2014-11-03,328.75873475770345
2014-11-04,326.939852303443
2014-11-05,338.2862424746951
2014-11-06,343.552206560815
2014-11-07,345.45972921573855
2014-11-08,343.89825698301
2014-11-09,353.24750393694137
2014-11-10,367.74131198559047
2014-11-11,367.4744411469216
2014-11-12,397.19316752683386
2014-11-13,426.64601922729133
2014-11-14,397.9466360807365
2014-11-15,385.695868787593
2014-11-16,385.0462470697645
2014-11-17,397.79844296700264
2014-11-18,381.53652586416246
2014-11-19,379.28961862156
2014-11-20,365.2907288916633
2014-11-21,352.95666894325126
2014-11-22,358.52522816481076
2014-11-23,360.80520028794746
2014-11-24,376.44162724619844
2014-11-25,383.20998468668637
2014-11-26,371.8690609556176
2014-11-27,371.11222663864106
2014-11-28,369.61148960237534
2014-11-29,378.0628959777678
2014-11-30,376.67923549773303
2014-12-01,378.41124529971006
2014-12-02,379.70654161381384
2014-12-03,378.5326175985036
2014-12-04,373.44643559853057
2014-12-05,371.74835466689575
2014-12-06,374.81090312658023
2014-12-07,375.9558602008665
2014-12-08,369.20019586732724
2014-12-09,353.29891544312375
2014-12-10,350.5852227250139
2014-12-11,354.3007997455754
2014-12-12,353.80018658431413
2014-12-13,350.2702479001266
2014-12-14,352.72110151971464
2014-12-15,351.70001963448215
2014-12-16,338.2300178954108
2014-12-17,324.84039671176447
2014-12-18,314.47543970977495
2014-12-19,313.03442295609557
2014-12-20,325.20309755013386
2014-12-21,325.1165938059353
2014-12-22,328.7921069587994
2014-12-23,333.7050164377453
2014-12-24,328.9196079017887
2014-12-25,319.8918782256882
2014-12-26,324.09461348466533
2014-12-27,319.0195446882618
2014-12-28,316.16556724980177
2014-12-29,315.4759456881619
2014-12-30,313.066241783059
2014-12-31,314.51481092133804
2015-01-01,316.0956276820087
2015-01-02,315.2596522032806
2015-01-03,302.4060440495696
2015-01-04,275.2548973293895
2015-01-05,272.1391895230753
2015-01-06,
2015-01-07,
2015-01-08,
2015-01-09,291.88525119843035
2015-01-10,281.66642271027814
2015-01-11,274.40146335089986
2015-01-12,269.46060839490707
2015-01-13,238.75761990036585
2015-01-14,195.7275015945155
2015-01-15,205.24476957188364
2015-01-16,211.73521370575764
2015-01-17,200.99505081083814
2015-01-18,206.98293289706803
2015-01-19,212.55496603578024
2015-01-20,211.1554936000718
2015-01-21,215.6103216328241
2015-01-22,232.8772662592965
2015-01-23,230.94351024611103
2015-01-24,239.74008590520506
2015-01-25,249.30707729723832
2015-01-26,281.4935559342596
2015-01-27,260.46926989049746
2015-01-28,251.98187684266782
2015-01-29,233.3140647294916
2015-01-30,234.05753166636634
2015-01-31,229.23242387009796
2015-02-01,219.64551995660443
2015-02-02,226.90152052304467
2015-02-03,236.69601962154434
2015-02-04,225.45796696437267
2015-02-05,222.3455965971337
2015-02-06,220.04428534225775
2015-02-07,226.95256139352685
2015-02-08,225.21322657751824
2015-02-09,221.0501786719285
2015-02-10,218.65014281787123
2015-02-11,221.19543835911142
2015-02-12,220.44033961989564
2015-02-13,234.04049615044468
2015-02-14,247.5802429727762
2015-02-15,249.29756294615092
2015-02-16,235.08989516977257
2015-02-17,239.9765843943027
2015-02-18,240.31392281437567
2015-02-19,239.2494659628123
2015-02-20,244.9321143611673
2015-02-21,245.56620988680336
2015-02-22,240.21687707768305
2015-02-23,236.61685039737054
2015-02-24,238.859070869088
2015-02-25,238.18256812252883
2015-02-26,236.7369192808701
2015-02-27,250.88388255508062
2015-02-28,251.72057841516195
2015-03-01,251.01408943285546
2015-03-02,263.24701953126237
2015-03-03,274.87522386771747
2015-03-04,277.3120357359268
2015-03-05,269.2876911416606
2015-03-06,272.515852911677
2015-03-07,273.6915753206303
2015-03-08,274.74347679414456
2015-03-09,281.9417429514862
2015-03-10,291.07966908891467
2015-03-11,292.2923449676306
2015-03-12,294.64523940276763
2015-03-13,290.26102587793184
2015-03-14,284.07999446239836
2015-03-15,284.75385938514535
2015-03-16,290.6403581097559
2015-03-17,288.3465274413597
2015-03-18,271.780629979805
2015-03-19,258.5739631721233
2015-03-20,261.448289025542
2015-03-21,259.79372381276426
2015-03-22,262.2317767798654
2015-03-23,266.79573195569196
2015-03-24,253.55949144954423
2015-03-25,244.80856656919954
2015-03-26,249.9995030015005
2015-03-27,248.12176746432684
2015-03-28,251.42424560659393
2015-03-29,244.88722181843966
2015-03-30,245.2707868981127
2015-03-31,244.95940168267046
2015-04-01,243.24698584814084
2015-04-02,248.54823142267517
2015-04-03,254.0874235748417
2015-04-04,252.80018552815434
2015-04-05,255.8846034044246
2015-04-06,257.766179053595
2015-04-07,254.31048145353708
2015-04-08,248.2969380397156
2015-04-09,243.63995215492807
2015-04-10,237.3828760970561
2015-04-11,236.16139964361497
2015-04-12,236.45479809924834
2015-04-13,231.46274267854488
2015-04-14,218.91465024455073
2015-04-15,220.1018918256344
2015-04-16,226.5068212747481
2015-04-17,223.85311852041747
2015-04-18,222.7365485900585
2015-04-19,224.53547506828158
2015-04-20,224.1178824447376
2015-04-21,226.68030630807345
2015-04-22,235.4467933259948
2015-04-23,234.61615300743895
2015-04-24,231.47634053727612
2015-04-25,228.45317689721506
2015-04-26,219.15902101699345
2015-04-27,221.3595950447043
2015-04-28,225.1342582495378
2015-04-29,224.595709982021
2015-04-30,231.75105651599011
2015-05-01,234.79185330915715
2015-05-02,233.4076095929579
2015-05-03,238.70606557089403
2015-05-04,238.77775588097688
2015-05-05,234.4944493955539
2015-05-06,233.67287092776877
2015-05-07,231.67906197802722
2015-05-08,240.05330894482623
2015-05-09,242.3581154589187
2015-05-10,240.79577674954157
2015-05-11,240.79618190750486
2015-05-12,240.51434027579216
2015-05-13,241.9573619784034
2015-05-14,236.61266985683622
2015-05-15,237.31936273449514
2015-05-16,236.38553784361306
2015-05-17,235.98340863433526
2015-05-18,235.40025366351097
2015-05-19,232.80095452683435
2015-05-20,233.2848048230831
2015-05-21,235.21563058072815
2015-05-22,236.74794728458525
2015-05-23,239.28738964910985
2015-05-24,239.3271913820065
2015-05-25,236.8993076548687
2015-05-26,236.14068819109994
2015-05-27,235.76205861306306
2015-05-28,235.98198075255038
2015-05-29,235.56771478463293
2015-05-30,233.0960027875147
2015-05-31,231.22829504510685
2015-06-01,226.05108984917825
2015-06-02,224.08230659528473
2015-06-03,225.27414903742473
2015-06-04,224.79057232577333
2015-06-05,223.82477496842864
2015-06-06,224.44327458039453
2015-06-07,223.76991402239258
2015-06-08,225.7548363131035
2015-06-09,229.23798080569586
2015-06-10,228.45180777726816
2015-06-11,228.88206972006853
2015-06-12,229.70727654263743
2015-06-13,230.14093306525896
2015-06-14,232.21492137445608
2015-06-15,234.537289080143
2015-06-16,240.91834357599834
2015-06-17,249.8040908269106
2015-06-18,247.5845468806793
2015-06-19,247.03745857274671
2015-06-20,242.98036463192958
2015-06-21,243.13661097582926
2015-06-22,245.55603681720643
2015-06-23,244.73257657786817
2015-06-24,241.94293350346803
2015-06-25,241.38977603823884
2015-06-26,241.57021309293384
2015-06-27,245.94684611169802
2015-06-28,249.3673880308254
2015-06-29,252.9690610529286
2015-06-30,262.0167659563255
2015-07-01,258.8293821163685
2015-07-02,256.0126240438628
2015-07-03,254.8333787723025
2015-07-04,257.0929287080429
2015-07-05,264.1150371980884
2015-07-06,272.2574136357228
2015-07-07,267.34947006257465
2015-07-08,268.3724773117824
2015-07-09,269.2096016189189
2015-07-10,281.62317908661674
2015-07-11,291.4510796444421
2015-07-12,306.15082627617517
2015-07-13,293.3392465285921
2015-07-14,290.7647203415096
2015-07-15,290.7781858850252
2015-07-16,281.6689240667157
2015-07-17,277.17124855644323
2015-07-18,278.4706629458619
2015-07-19,276.2053644268179
2015-07-20,277.32781218597836
2015-07-21,279.3463521494726
2015-07-22,276.63184070490115
2015-07-23,277.1178744828989
2015-07-24,283.92011112876355
2015-07-25,289.07480527442937
2015-07-26,291.5050736632713
2015-07-27,291.3549585135446
2015-07-28,294.68534488083094
2015-07-29,290.7519526436118
2015-07-30,287.8264577040183
2015-07-31,284.84524573678016
2015-08-01,280.58591686330976
2015-08-02,279.8304877732801
2015-08-03,282.99303380198796
2015-08-04,283.94256809977736
2015-08-05,282.8505132598453
2015-08-06,279.06571380431564
2015-08-07,278.16816941222237
2015-08-08,272.3288065195195
2015-08-09,264.08168452043554
2015-08-10,264.54920730248153
2015-08-11,265.9617509016534
2015-08-12,268.4039624436641
2015-08-13,264.9968193173067
2015-08-14,265.24664058628707
2015-08-15,264.8559137607356
2015-08-16,257.87539458189804
2015-08-17,257.0748398754821
2015-08-18,253.25719502096518
2015-08-19,232.00759484228067
2015-08-20,233.38972446211324
2015-08-21,234.058253306752
2015-08-22,229.7491454054141
2015-08-23,229.9489678739328
2015-08-24,219.86113545896956
2015-08-25,215.5133367788185
2015-08-26,226.03761722143628
2015-08-27,226.19485406417328
2015-08-28,228.53219553428292
2015-08-29,230.00027558214384
2015-08-30,228.48738212798602
2015-08-31,228.9671431782493
2015-09-01,228.33359852204921
2015-09-02,228.5883275554645
2015-09-03,227.7151208869318
2015-09-04,229.47849508147578
2015-09-05,232.94997289879757
2015-09-06,240.27680366342986
2015-09-07,240.70108056836656
2015-09-08,243.6543226803355
2015-09-09,240.30853450026441
2015-09-10,238.78726312192177
2015-09-11,239.87232109507534
2015-09-12,237.61171841223742
2015-09-13,231.74482503266768
2015-09-14,229.4784987580638
2015-09-15,229.98901491700232
2015-09-16,228.26019511539633
2015-09-17,230.6044275591949
2015-09-18,233.1228833259136
2015-09-19,231.48866692385033
2015-09-20,230.4017588585058
2015-09-21,227.35496952651425
2015-09-22,228.48919672212227
2015-09-23,230.12615017141817
2015-09-24,232.21291670778575
2015-09-25,235.464784719854
2015-09-26,234.20768857254822
2015-09-27,232.8981838911046
2015-09-28,237.36533329134502
2015-09-29,237.5982359517616
2015-09-30,236.73068402736664
2015-10-01,237.17855202363643
2015-10-02,237.72828296193507
2015-10-03,238.63202452361597
2015-10-04,238.8600910419599
2015-10-05,238.5853232795878
2015-10-06,243.64910867310712
2015-10-07,245.121940188714
2015-10-08,243.79513354799371
2015-10-09,243.9835555729822
2015-10-10,244.7901673665054
2015-10-11,246.37415565462933
2015-10-12,246.86021759978107
2015-10-13,247.75834520375957
2015-10-14,251.52135251171734
2015-10-15,254.34674204850256
2015-10-16,259.69140906616286
2015-10-17,268.37482559952906
2015-10-18,264.9682747595535
2015-10-19,262.935595532279
2015-10-20,267.43364455135855
2015-10-21,268.3654873753903
2015-10-22,273.0613979855897
2015-10-23,277.3065533737614
2015-10-24,280.1253430731845
2015-10-25,289.86448992850626
2015-10-26,284.5904757433063
2015-10-27,292.7977368457375
2015-10-28,301.5592713188124
2015-10-29,310.1013494936706
2015-10-30,324.81697839177536
2015-10-31,321.53338437490424
2015-11-01,316.0590689808213
2015-11-02,338.02791175637225
2015-11-03,384.66702297317505
2015-11-04,448.66705946909116
2015-11-05,400.2524434008622
2015-11-06,373.0252508147349
2015-11-07,383.9419825828293
2015-11-08,382.2101613028797
2015-11-09,375.30268010932724
2015-11-10,363.017441586968
2015-11-11,314.776780109592
2015-11-12,326.9747094959768
2015-11-13,333.3410117968523
2015-11-14,333.26393615706706
2015-11-15,326.64068076662784
2015-11-16,322.385246007953
2015-11-17,335.19941118780866
2015-11-18,334.1904368276109
2015-11-19,331.1100768965293
2015-11-20,319.7556013499749
2015-11-21,324.63480134843377
2015-11-22,323.8486641189615
2015-11-23,323.38703574923693
2015-11-24,321.0123403415595
2015-11-25,322.94461550276145
2015-11-26,344.31515125074867
2015-11-27,357.1031603739433
2015-11-28,354.7317529777068
2015-11-29,361.6176449229677
2015-11-30,376.2338521740245
2015-12-01,366.59263595177305
2015-12-02,355.9692046478969
2015-12-03,362.532941582215
2015-12-04,360.36927854715515
2015-12-05,374.89632271415525
2015-12-06,392.03552296198933
2015-12-07,392.70118177483107
2015-12-08,395.31954248979247
2015-12-09,416.8093781111045
2015-12-10,415.1301704578627
2015-12-11,434.460745771308
2015-12-12,432.8897908644964
2015-12-13,435.898371412023
2015-12-14,441.5192120863886
2015-12-15,455.9082146524501
2015-12-16,456.69574864065135
2015-12-17,455.20893237695884
2015-12-18,459.50511863336743
2015-12-19,462.36069704622315
2015-12-20,451.00878428960624
2015-12-21,436.9947340173513
2015-12-22,438.0089359997788
2015-12-23,440.1895468528453
2015-12-24,454.33166876254734
2015-12-25,454.8174121162606
2015-12-26,429.4600106900401
2015-12-27,419.25590877495256
2015-12-28,424.15889325689795
2015-12-29,425.20974277666124
2015-12-30,429.3676974569861
2015-12-31,426.3844541734328
2016-01-01,432.7628154918507
2016-01-02,433.10249629227116
2016-01-03,429.06967615691946
2016-01-04,432.4341970969699
2016-01-05,432.3539121793202
2016-01-06,430.40413135506265
2016-01-07,448.8302933151559
2016-01-08,454.4211133318172
2016-01-09,450.16710184249405
2016-01-10,444.99966976142144
2016-01-11,446.7751099988824
2016-01-12,445.9670897553012
2016-01-13,430.1564451113678
2016-01-14,430.8309386176175
2016-01-15,401.45759837148205
2016-01-16,371.43984986522594
2016-01-17,383.74369084123646
2016-01-18,382.57423629269204
2016-01-19,382.5632525278624
2016-01-20,392.6494265674189
2016-01-21,413.3339172122975
2016-01-22,392.83669390890236
2016-01-23,388.54520295154805
2016-01-24,397.70321180696675
2016-01-25,395.31411945486
2016-01-26,392.95450336426865
2016-01-27,394.09128515441137
2016-01-28,382.9752005858385
2016-01-29,375.8784223402792
2016-01-30,377.4025236174172
2016-01-31,376.6638777317727
2016-02-01,372.5010783967045
2016-02-02,373.15004492034507
2016-02-03,371.0249950967075
2016-02-04,378.6463986095934
2016-02-05,387.06653661027696
2016-02-06,376.1917986427775
2016-02-07,375.6811415403838
2016-02-08,375.4277063281994
2016-02-09,373.2073621270295
2016-02-10,377.9567727733249
2016-02-11,377.8475989780537
2016-02-12,380.7688128391833
2016-02-13,387.6241467238191
2016-02-14,398.3818067307557
2016-02-15,401.96941132354635
2016-02-16,402.99971816552386
2016-02-17,414.2831033608596
2016-02-18,419.7353163015941
2016-02-19,419.3904253378836
2016-02-20,430.88222234535317
2016-02-21,437.9102845513156
2016-02-22,436.7300463078898
2016-02-23,425.70825784622076
2016-02-24,420.2071407773251
2016-02-25,422.38172063398423
2016-02-26,423.50059683006157
2016-02-27,431.4983220005982
2016-02-28,428.94706910025064
2016-02-29,435.8495485033761
2016-03-01,433.2446369105062
2016-03-02,430.7026820008643
2016-03-03,420.7350003677077
2016-03-04,418.3577914656716
2016-03-05,402.39580593862263
2016-03-06,404.7603358643936
2016-03-07,409.4369093162902
2016-03-08,411.8089746287846
2016-03-09,411.42911762472863
2016-03-10,413.6776722293914
2016-03-11,419.26759733289197
2016-03-12,413.4251424433999
2016-03-13,412.8849751588805
2016-03-14,413.70997722959794
2016-03-15,415.59689409499015
2016-03-16,415.27336610515965
2016-03-17,417.98295362796773
2016-03-18,411.34843679676834
2016-03-19,407.0320533563545
2016-03-20,410.00991598809884
2016-03-21,409.16477134382063
2016-03-22,415.138238870619
2016-03-23,416.6766855812367
2016-03-24,416.0816244803888
2016-03-25,415.3748796912169
2016-03-26,415.9446287137769
2016-03-27,421.556395151841
2016-03-28,422.8482213958674
2016-03-29,417.3834889911168
2016-03-30,412.88382647646745
2016-03-31,415.0582102749574
2016-04-01,415.4549402089253
2016-04-02,418.63589409386526
2016-04-03,417.9960540963347
2016-04-04,418.44511716048856
2016-04-05,421.2459929966587
2016-04-06,421.805986224648
2016-04-07,420.70057869866673
2016-04-08,421.10769401125975
2016-04-09,416.6909903550587
2016-04-10,419.4469400467913
2016-04-11,420.6397840967263
2016-04-12,424.5703574851746
2016-04-13,424.3722828440628
2016-04-14,423.9469652881841
2016-04-15,426.58208779647225
2016-04-16,429.94026307059767
2016-04-17,427.93335682954455
2016-04-18,427.57298658884207
2016-04-19,429.55574673928066
2016-04-20,438.5249712802218
2016-04-21,445.0907929072464
2016-04-22,447.4748298725554
2016-04-23,447.8307940223009
2016-04-24,454.50025207409385
2016-04-25,460.9751822335905
2016-04-26,465.7348610712652
2016-04-27,459.0625122074347
2016-04-28,445.3871234272151
2016-04-29,451.41583756913514
2016-04-30,452.325426363049
2016-05-01,450.9816684004654
2016-05-02,445.24922433050136
2016-05-03,447.34836041775725
2016-05-04,447.5799025720416
2016-05-05,447.5530708017603
2016-05-06,453.04029009100344
2016-05-07,458.58010003937386
2016-05-08,457.7561078935713
2016-05-09,459.34905716166276
2016-05-10,455.42499569340606
2016-05-11,453.3182009516326
2016-05-12,451.9436433937328
2016-05-13,454.96657732467327
2016-05-14,455.8727108312859
2016-05-15,456.54721819947105
2016-05-16,456.3810921948215
2016-05-17,453.6619859153813
2016-05-18,454.0188616193364
2016-05-19,448.55306221434665
2016-05-20,441.5912209944985
2016-05-21,442.4224901585613
2016-05-22,440.41793762793947
2016-05-23,440.985770242486
2016-05-24,444.7473897671527
2016-05-25,447.5604653266918
2016-05-26,450.13486016855336
2016-05-27,471.17916066866906
2016-05-28,494.1065843558656
2016-05-29,517.5904116899595
2016-05-30,526.572213342859
2016-05-31,534.4461887552087
2016-06-01,534.1333107702019
2016-06-02,536.2905812942295
2016-06-03,557.8754694562026
2016-06-04,573.8335818588376
2016-06-05,573.9446748807089
2016-06-06,581.9474588383927
2016-06-07,581.3027283097679
2016-06-08,578.531520757126
2016-06-09,577.5955173875469
2016-06-10,576.1466508724047
2016-06-11,583.8279795915846
2016-06-12,640.6218565527316
2016-06-13,689.4684314814004
2016-06-14,687.2024080492381
2016-06-15,684.8800495259668
2016-06-16,740.8853618210256
2016-06-17,747.8933074195921
2016-06-18,750.8203825018314
2016-06-19,755.3209009420539
2016-06-20,745.9130603869364
2016-06-21,681.8065627475061
2016-06-22,648.3893860340671
2016-06-23,590.7320545638875
2016-06-24,653.3422023024593
2016-06-25,668.8945174278846
2016-06-26,635.4972668899077
2016-06-27,639.3354720099636
2016-06-28,648.0907208568294
2016-06-29,632.5200495200995
2016-06-30,654.0904627067371
2016-07-01,674.7389972298403
2016-07-02,690.3409859199618
2016-07-03,672.9765884311519
2016-07-04,670.5369564370529
2016-07-05,672.4558192627742
2016-07-06,673.9253865683711
2016-07-07,640.3057653254858
2016-07-08,647.3403357468599
2016-07-09,649.0772080008416
2016-07-10,645.9124994918408
2016-07-11,648.6422512505171
2016-07-12,659.8486348150544
2016-07-13,662.1590239223681
2016-07-14,658.219434736087
2016-07-15,663.5715819433494
2016-07-16,663.2384001059447
2016-07-17,671.4422253267079
2016-07-18,676.7470957055311
2016-07-19,671.5202808929633
2016-07-20,669.6267082520425
2016-07-21,663.8295306108528
2016-07-22,657.9210088861087
2016-07-23,653.1455004440878
2016-07-24,656.601678146311
2016-07-25,656.1049350663721
2016-07-26,651.2309179855755
2016-07-27,653.4063011776557
2016-07-28,654.5722265002573
2016-07-29,654.9442286226786
2016-07-30,654.9511219699141
2016-07-31,633.9318897779341
2016-08-01,619.3114357651793
2016-08-02,588.3719172643117
2016-08-03,549.3363452416527
2016-08-04,570.7712872375967
2016-08-05,570.793536451923
2016-08-06,573.9900911172033
2016-08-07,590.7394875644055
2016-08-08,589.5620716084869
2016-08-09,585.8438071661828
2016-08-10,590.5353746980998
2016-08-11,592.1279766277645
2016-08-12,586.1933583391158
2016-08-13,585.7346167505592
2016-08-14,572.0047193970646
2016-08-15,567.007447704989
2016-08-16,571.7922905792065
2016-08-17,572.5437548442122
2016-08-18,572.0936208184258
2016-08-19,571.9488877289207
2016-08-20,575.5986996470252
2016-08-21,578.5547474863877
2016-08-22,580.383973986078
2016-08-23,581.5431092070255
2016-08-24,578.694818693648
2016-08-25,574.7285937339003
2016-08-26,577.2219150105575
2016-08-27,571.9267510976641
2016-08-28,570.5754577576317
2016-08-29,573.3263288517086
2016-08-30,574.6318381120417
2016-08-31,571.8429275965141
2016-09-01,570.3948414501947
2016-09-02,570.874358145534
2016-09-03,577.7966493598285
2016-09-04,600.2736841085826
2016-09-05,602.4290195717257
2016-09-06,605.8713616566976
2016-09-07,610.5892995333344
2016-09-08,622.0327775155223
2016-09-09,621.1255250000307
2016-09-10,622.2696356489781
2016-09-11,616.6999455889695
2016-09-12,605.7207737958936
2016-09-13,607.0668014790142
2016-09-14,608.4349871364977
2016-09-15,606.9779812405559
2016-09-16,606.5541922516766
2016-09-17,604.576002234576
2016-09-18,606.209203545296
2016-09-19,607.5321067528027
2016-09-20,607.0987703671814
2016-09-21,595.075032658573
2016-09-22,595.2308422202175
2016-09-23,597.741048154367
2016-09-24,600.7876707032121
2016-09-25,598.8785270152698
2016-09-26,602.538939580044
2016-09-27,603.952977894485
2016-09-28,603.5204698374022
2016-09-29,603.9686505855375
2016-09-30,605.0148624907879
2016-10-01,611.9184892983025
2016-10-02,609.019290988944
2016-10-03,609.8476293700128
2016-10-04,607.9558536414817
2016-10-05,609.0584022677806
2016-10-06,609.3123292799208
2016-10-07,612.3482935378979
2016-10-08,614.408432878835
2016-10-09,612.943627446883
2016-10-10,614.599501299057
2016-10-11,630.9348656202718
2016-10-12,636.1102666442806
2016-10-13,634.8971135128019
2016-10-14,635.5587002391777
2016-10-15,638.4365597766046
2016-10-16,638.1881245478039
2016-10-17,636.0233501268482
2016-10-18,635.7585974915127
2016-10-19,631.2949952416002
2016-10-20,627.6645103708572
2016-10-21,629.481621691177
2016-10-22,641.9539995128538
2016-10-23,651.1553014930562
2016-10-24,647.9632953926633
2016-10-25,652.1006279872968
2016-10-26,663.965576322599
2016-10-27,679.884866112976
2016-10-28,684.7155801623502
2016-10-29,704.2785683289355
2016-10-30,701.5786237671477
2016-10-31,698.3033010656746
2016-11-01,722.1221105932398
2016-11-02,724.9345463293922
2016-11-03,720.372994965582
2016-11-04,697.5936663467489
2016-11-05,701.7660122476109
2016-11-06,706.8505307985643
2016-11-07,704.2206313490012
2016-11-08,706.1679439063176
2016-11-09,725.9224020769248
2016-11-10,714.9045867887129
2016-11-11,715.5151857423484
2016-11-12,707.4787089469443
2016-11-13,694.0922768243048
2016-11-14,700.971194665722
2016-11-15,711.2369431601498
2016-11-16,725.3337177849861
2016-11-17,743.5948728471403
2016-11-18,743.3346335697712
2016-11-19,748.3034302533971
2016-11-20,736.0851155678944
2016-11-21,732.9764378766154
2016-11-22,742.4965728127878
2016-11-23,740.8370745612788
2016-11-24,735.8466226440544
2016-11-25,732.9295365412803
2016-11-26,730.6788505631037
2016-11-27,727.796612758732
2016-11-28,729.4591003734272
2016-11-29,730.2673696468177
2016-11-30,738.256388748388
2016-12-01,748.7755789838313
2016-12-02,767.2400429479441
2016-12-03,762.0359886247038
2016-12-04,759.7063533362826
2016-12-05,751.5064558380942
2016-12-06,755.5254561186139
2016-12-07,761.8890247944926
2016-12-08,767.6566698893805
2016-12-09,769.9250004337343
2016-12-10,772.299707756565
2016-12-11,768.3282887763731
2016-12-12,774.647847577073
2016-12-13,778.6206684995465
2016-12-14,777.0291029257247
2016-12-15,777.1455362863703
2016-12-16,778.8884116188946
2016-12-17,787.0194895428656
2016-12-18,787.9007900098306
2016-12-19,790.8717791719009
2016-12-20,791.882289995625
2016-12-21,814.394502838612
2016-12-22,857.1803870661287
2016-12-23,898.181397696685
2016-12-24,900.0836004971951
2016-12-25,875.7597409801241
2016-12-26,899.1383653335284
2016-12-27,919.140607947309
2016-12-28,957.1142259906109
2016-12-29,968.3166372708138
2016-12-30,952.7091776124373
2016-12-31,956.3673525546944
2017-01-01,981.6376879920928
2017-01-02,1013.1994836992343
2017-01-03,1019.9929946310956
2017-01-04,1079.4340270746707
2017-01-05,1039.6553965903488
2017-01-06,930.984476134629
2017-01-07,869.2476594676665
2017-01-08,915.2058142519436
2017-01-09,893.5372247883524
2017-01-10,902.9640835240556
2017-01-11,839.5725957217145
2017-01-12,782.9702808317386
2017-01-13,807.3498780822549
2017-01-14,827.6149887666189
2017-01-15,817.0549635712492
2017-01-16,827.9068965405171
2017-01-17,876.8278190944574
2017-01-18,884.8433568079317
2017-01-19,893.3780993527395
2017-01-20,895.3392533554083
2017-01-21,917.351224803319
2017-01-22,921.0022294154238
2017-01-23,920.1016255163478
2017-01-24,906.501022623075
2017-01-25,894.1332401088522
2017-01-26,906.2160058601227
2017-01-27,917.3030716743564
2017-01-28,918.1126617799847
2017-01-29,916.4743844403482
2017-01-30,917.2173952373217
2017-01-31,941.6948909087221
2017-02-01,970.9856009977261
2017-02-02,993.3083895137148
2017-02-03,1011.6286481296492
2017-02-04,1018.9953495795553
2017-02-05,1018.327562124935
2017-02-06,1021.352131064914
2017-02-07,1042.1684467340256
2017-02-08,1053.3610815421803
2017-02-09,1020.945676004505
2017-02-10,977.8629990185542
2017-02-11,1007.5524453870379
2017-02-12,1002.9858857063558
2017-02-13,997.7974196141669
2017-02-14,1006.3201472928404
2017-02-15,1009.3018832586163
2017-02-16,1027.246521442989
2017-02-17,1047.275053886098
2017-02-18,1061.4154635668933
2017-02-19,1052.5456970824382
2017-02-20,1058.0393032232457
2017-02-21,1102.1560277645754
2017-02-22,1123.4985109246973
2017-02-23,1148.646519258095
2017-02-24,1185.0335216113758
2017-02-25,1166.1792613968278
2017-02-26,1165.8244162493393
2017-02-27,1186.2484776277786
2017-02-28,1192.389138528442
2017-03-01,1207.4557490430868
2017-03-02,1241.0703039732848
2017-03-03,1272.937726612369
2017-03-04,1267.697008122277
2017-03-05,1258.6520904332842
2017-03-06,1274.8070206383845
2017-03-07,1251.992528432232
2017-03-08,1195.6930870610342
2017-03-09,1178.1794222096767
2017-03-10,1202.4207798663372
2017-03-11,1167.1876736472032
2017-03-12,1198.4495991848353
2017-03-13,1234.401840507693
2017-03-14,1244.6406572076921
2017-03-15,1251.6364505240897
2017-03-16,1218.6272207169247
2017-03-17,1130.2150751493032
2017-03-18,1032.7107897082558
2017-03-19,1009.8453678806043
2017-03-20,1034.696964531846
2017-03-21,1084.511465649315
2017-03-22,1051.7635140358911
2017-03-23,1036.1603172187306
2017-03-24,989.2708609476545
2017-03-25,926.4299970689157
2017-03-26,965.6647718384512
2017-03-27,1002.1217316751425
2017-03-28,1044.2849643268187
2017-03-29,1033.1074777278714
2017-03-30,1033.1810652222732
2017-03-31,1051.6547076463607
2017-04-01,1077.5492403613187
2017-04-02,1080.5936711567908
2017-04-03,1126.7574750585065
2017-04-04,1142.2100067860492
2017-04-05,1129.6675386183347
2017-04-06,1167.5770524199127
2017-04-07,1189.5167429260512
2017-04-08,1187.6849010190128
2017-04-09,1195.2263193941758
2017-04-10,1207.965268084491
2017-04-11,1213.4894881716164
2017-04-12,1217.0043352694777
2017-04-13,1186.5392008140552
2017-04-14,1171.8911604797868
2017-04-15,1178.3230001337945
2017-04-16,1168.5849291604588
2017-04-17,1173.393207853911
2017-04-18,1201.0701138789946
2017-04-19,1201.0539023711528
2017-04-20,1220.9909587109607
2017-04-21,1241.450836730564
2017-04-22,1236.7279599848548
2017-04-23,1235.959071154503
2017-04-24,1244.1463226028682
2017-04-25,1265.3097667421112
2017-04-26,1289.5089959983634
2017-04-27,1313.5646589238577
2017-04-28,1323.9591369769562
2017-04-29,1329.8945118621118
2017-04-30,1331.428636861853
2017-05-01,1377.4017671821907
2017-05-02,1434.1426378342505
2017-05-03,1472.3605155305927
2017-05-04,1540.2608739890477
2017-05-05,1556.9845005293162
2017-05-06,1540.829886554525
2017-05-07,1541.9670501659964
2017-05-08,1588.2436866276355
2017-05-09,1704.9144768664744
2017-05-10,1746.7203335343343
2017-05-11,1827.4379292281405
2017-05-12,1769.3677022250909
2017-05-13,1704.1525350546665
2017-05-14,1781.9929602910663
2017-05-15,1732.0287646857796
2017-05-16,1709.2700574744797
2017-05-17,1774.7255333397397
2017-05-18,1825.4742787193563
2017-05-19,1926.1694922761883
2017-05-20,1973.921215522782
2017-05-21,2022.2277678510666
2017-05-22,2110.7332839813503
2017-05-23,2192.7857281857973
2017-05-24,2367.0488623942488
2017-05-25,2555.1873316511474
2017-05-26,2384.446561083881
2017-05-27,2096.401046043353
2017-05-28,2188.8339780159095
2017-05-29,2240.701768698608
2017-05-30,2273.4726421428686
2017-05-31,2253.7657737641025
2017-06-01,2389.7550903449605
2017-06-02,2429.302911934746
2017-06-03,2518.5709641567637
2017-06-04,2524.769903107526
2017-06-05,2602.1225099568237
2017-06-06,2834.813399518295
2017-06-07,2814.758878395177
2017-06-08,2753.4636497918823
2017-06-09,2823.998928768919
2017-06-10,2855.133053605856
2017-06-11,2907.1849046281804
2017-06-12,2798.4410824857205
2017-06-13,2715.9139309909397
2017-06-14,2651.4243313765073
2017-06-15,2355.853719992669
2017-06-16,2451.338858067121
2017-06-17,2556.8159182804434
2017-06-18,2564.159564217592
2017-06-19,2558.226580290424
2017-06-20,2661.553578713711
2017-06-21,2711.8828111902553
2017-06-22,2681.0252460824127
2017-06-23,2718.0374784848136
2017-06-24,2653.5573659165643
2017-06-25,2557.9534132747376
2017-06-26,2463.352961213969
2017-06-27,2406.9537841523133
2017-06-28,2534.0570204791275
2017-06-29,2558.4415821670814
2017-06-30,2523.5145578312104
2017-07-01,2461.3487218417895
2017-07-02,2445.2220216764304
2017-07-03,2524.745824665081
2017-07-04,2596.7891860315967
2017-07-05,2569.7910882622755
2017-07-06,2593.5395124194283
2017-07-07,2541.728015714826
2017-07-08,2515.6492597453494
2017-07-09,2538.7765526156186
2017-07-10,2451.188852468112
2017-07-11,2339.3937172806422
2017-07-12,2344.1274881271243
2017-07-13,2370.3550931723275
2017-07-14,2277.4830701495675
2017-07-15,2072.414424722549
2017-07-16,1938.9989240757789
2017-07-17,2057.2165875508717
2017-07-18,2280.8116252649397
2017-07-19,2311.296154969987
2017-07-20,2497.524333284978
2017-07-21,2718.749905684869
2017-07-22,2782.44453596827
2017-07-23,2766.018589895212
2017-07-24,2753.5805615786567
2017-07-25,2619.396349973733
2017-07-26,2498.5811447997903
2017-07-27,2569.7324784424036
2017-07-28,2737.846356399857
2017-07-29,2717.0487735077895
2017-07-30,2674.908119592731
2017-07-31,2761.6551386446986
2017-08-01,2765.775441989622
2017-08-02,2713.653662839308
2017-08-03,2743.787178992017
2017-08-04,2828.732474313041
2017-08-05,3159.4188989631443
2017-08-06,3236.1315535456533
2017-08-07,3310.659676238925
2017-08-08,3416.014058907564
2017-08-09,3340.498552386967
2017-08-10,3393.0330743656605
2017-08-11,3504.106652645627
2017-08-12,3760.2385431497473
2017-08-13,4022.9411932688417
2017-08-14,4170.695620217536
2017-08-15,4166.374542517521
2017-08-16,4167.250529014694
2017-08-17,4345.911638694845
2017-08-18,4227.160230725558
2017-08-19,4053.377613704967
2017-08-20,4059.5180476308906
2017-08-21,4021.1850169691475
2017-08-22,3921.7669072629815
2017-08-23,4141.855469677586
2017-08-24,4180.333790890621
2017-08-25,4356.447036175397
2017-08-26,4310.661740042462
2017-08-27,4340.433891081189
2017-08-28,4304.709332845392
2017-08-29,4464.918984224218
2017-08-30,4575.67817598211
2017-08-31,4670.163091113807
2017-09-01,4801.726152504454
2017-09-02,4681.924885268869
2017-09-03,4575.300758474094
2017-09-04,4361.0020818459
2017-09-05,4251.829198648715
2017-09-06,4528.628474444763
2017-09-07,4584.060894554642
2017-09-08,4477.904309364484
2017-09-09,4292.017647634313
2017-09-10,4178.9680422029805
2017-09-11,4210.156444826403
2017-09-12,4252.754073134462
2017-09-13,3932.6757420323033
2017-09-14,3622.5881501690146
2017-09-15,3409.005431053685
2017-09-16,3695.8186297388706
2017-09-17,3634.043061056025
2017-09-18,3940.758767294689
2017-09-19,3962.650735609319
2017-09-20,3937.2882574155433
2017-09-21,3788.9703451280648
2017-09-22,3625.968122941927
2017-09-23,3715.5657516172873
2017-09-24,3694.980824696311
2017-09-25,3822.0762837231873
2017-09-26,3914.694759083538
2017-09-27,4037.267976628478
2017-09-28,4188.2963667879685
2017-09-29,4144.697307673865
2017-09-30,4271.513593324577
2017-10-01,4290.272278589144
2017-10-02,4395.624036640302
2017-10-03,4309.744082427018
2017-10-04,4247.842795996864
2017-10-05,4256.718232091374
2017-10-06,4359.7811387371385
2017-10-07,4351.408802932465
2017-10-08,4497.856967223395
2017-10-09,4644.257043032598
2017-10-10,4811.672484697511
2017-10-11,4787.4953711266735
2017-10-12,5116.371172082891
2017-10-13,5617.707423000076
2017-10-14,5666.540040318909
2017-10-15,5608.239015452093
2017-10-16,5673.460489912528
2017-10-17,5624.515181764945
2017-10-18,5401.502041588831
2017-10-19,5653.86101180698
2017-10-20,5789.820452306272
2017-10-21,6072.970268306423
2017-10-22,5909.253738347273
2017-10-23,5866.644499786067
2017-10-24,5658.646805951579
2017-10-25,5547.221811805942
2017-10-26,5827.235680004529
2017-10-27,5820.642063519375
2017-10-28,5748.121104280505
2017-10-29,5890.569037306749
2017-10-30,6122.311358604307
2017-10-31,6241.215401678731
2017-11-01,6502.5593808431595
2017-11-02,6952.020765214627
2017-11-03,7240.285579959725
2017-11-04,7258.382874781856
2017-11-05,7458.414757038099
2017-11-06,7227.118230046526
2017-11-07,7102.39107658024
2017-11-08,7386.463336391786
2017-11-09,7244.0399783568055
2017-11-10,6960.031576527176
2017-11-11,6554.555889592357
2017-11-12,6113.264264574333
2017-11-13,6347.1402022444745
2017-11-14,6590.110155162141
2017-11-15,7047.112552616389
2017-11-16,7461.850969807443
2017-11-17,7826.848438162768
2017-11-18,7696.234055591442
2017-11-19,7827.131551353381
2017-11-20,8090.706961414423
2017-11-21,8157.12061592917
2017-11-22,8194.445675129438
2017-11-23,8174.598065053007
2017-11-24,8167.7218578133225
2017-11-25,8431.992744482315
2017-11-26,8971.770344226623
2017-11-27,9555.697055042774
2017-11-28,9832.286235978865
2017-11-29,10416.668393032593
2017-11-30,9887.543386804504
2017-12-01,10194.25850765683
2017-12-02,10937.496732534442
2017-12-03,11291.622579057115
2017-12-04,11345.150015838088
2017-12-05,11654.246298835093
2017-12-06,12577.93035189583
2017-12-07,14775.059048403487
2017-12-08,15429.647898831276
2017-12-09,14804.000106056277
2017-12-10,14132.601710642339
2017-12-11,16200.092354788894
2017-12-12,16730.288683196104
2017-12-13,16539.760724362503
2017-12-14,16337.658675465249
2017-12-15,17362.369487768305
2017-12-16,18176.445040534494
2017-12-17,19186.169610256275
2017-12-18,18716.81145947776
2017-12-19,18318.874083903385
2017-12-20,16831.69035647014
2017-12-21,16219.341431540313
2017-12-22,13756.405633890898
2017-12-23,14765.470556031954
2017-12-24,13652.628406286822
2017-12-25,13964.861683658302
2017-12-26,15242.60779660485
2017-12-27,15579.674561490996
2017-12-28,14246.326809279137
2017-12-29,14533.09224733401
2017-12-30,13207.977744208323
2017-12-31,13337.513232213194
2018-01-01,13422.567010480292
2018-01-02,13877.579910547882
2018-01-03,14962.379077539552
2018-01-04,14816.62546783891
2018-01-05,15790.44614531669
2018-01-06,16665.2688077382
2018-01-07,16516.38596170831
2018-01-08,15299.470658760409
2018-01-09,14867.467959925685
2018-01-10,14192.252139563872
2018-01-11,13695.101799907921
2018-01-12,13658.61584973284
2018-01-13,14225.001391134012
2018-01-14,13678.343443949821
2018-01-15,13821.791453646538
2018-01-16,12163.32296559722
2018-01-17,10679.943137175675
2018-01-18,11494.871755379161
2018-01-19,11513.812274693057
2018-01-20,12472.528148811978
2018-01-21,11894.038151210543
2018-01-22,11130.995062939446
2018-01-23,10724.38599860479
2018-01-24,11008.63178575679
2018-01-25,11300.367389716277
2018-01-26,11009.292808106238
2018-01-27,11238.781031658229
2018-01-28,11673.754262195793
2018-01-29,11283.930538125536
2018-01-30,10625.622069799076
2018-01-31,9985.909391786581
2018-02-01,9495.673632278698
2018-02-02,8557.56405370818
2018-02-03,8910.514730367662
2018-02-04,8718.772985557165
2018-02-05,7611.002286218681
2018-02-06,6828.327463351177
2018-02-07,7913.127095914588
2018-02-08,8216.651519715004
2018-02-09,8260.5050100169
2018-02-10,8656.496373707645
2018-02-11,8187.7584321186805
2018-02-12,8624.788575408098
2018-02-13,8609.2292129383
2018-02-14,9025.757079268233
2018-02-15,9802.718758693474
2018-02-16,10025.76678779922
2018-02-17,10677.391083654175
2018-02-18,10737.516565552482
2018-02-19,10867.512968215166
2018-02-20,11497.78139608207
2018-02-21,10791.642741853477
2018-02-22,10271.704640612517
2018-02-23,10012.34290769923
2018-02-24,9929.97994763513
2018-02-25,9594.672009343749
2018-02-26,9910.358818937368
2018-02-27,10552.471359653444
2018-02-28,10620.163827891985
2018-03-01,10650.136939168438
2018-03-02,10980.858877914337
2018-03-03,11343.977180478278
2018-03-04,11241.467414556733
2018-03-05,11521.017952200013
2018-03-06,11020.070332177618
2018-03-07,10399.634202342024
2018-03-08,9705.47006482103
2018-03-09,8908.174920565885
2018-03-10,9237.203629508414
2018-03-11,9059.7413486486
2018-03-12,9435.669775228638
2018-03-13,9155.933942166426
2018-03-14,8767.456078613099
2018-03-15,8111.543810116839
2018-03-16,8315.520123393882
2018-03-17,8077.034957227769
2018-03-18,7678.897274336678
2018-03-19,8355.447551464971
2018-03-20,8623.627348575088
2018-03-21,8983.274716832539
2018-03-22,8791.675286156915
2018-03-23,8530.261887495963
2018-03-24,8857.240489108073
2018-03-25,8535.27998779133
2018-03-26,8206.525321352163
2018-03-27,7965.430010217683
2018-03-28,7916.34261848521
2018-03-29,7517.898248148363
2018-03-30,6887.522776039158
2018-03-31,7005.360662200825
2018-04-01,6796.601292610656
2018-04-02,6977.662770968884
2018-04-03,7325.336386033411
2018-04-04,7077.685461860624
2018-04-05,6757.906435190125
2018-04-06,6649.570056047771
2018-04-07,6892.349425759903
2018-04-08,6988.220222870914
2018-04-09,6891.718413377999
2018-04-10,6779.382299764623
2018-04-11,6880.031796531265
2018-04-12,7336.352833091173
2018-04-13,7993.173746452505
2018-04-14,8011.290469026133
2018-04-15,8215.062462895481
2018-04-16,8079.964366643196
2018-04-17,8036.063162183466
2018-04-18,8056.830537172492
2018-04-19,8212.89902001327
2018-04-20,8445.13683254687
2018-04-21,8800.071486919654
2018-04-22,8888.486728819395
2018-04-23,8895.16762023534
2018-04-24,9313.931172827306
2018-04-25,9221.422056068632
2018-04-26,8882.861283232156
2018-04-27,9216.859624774994
2018-04-28,9239.921222156729
2018-04-29,9355.907476675322
2018-04-30,9290.35964742299
2018-05-01,8988.335162892581
2018-05-02,9112.22023462272
2018-05-03,9379.426677940148
2018-05-04,9656.065965841874
2018-05-05,9828.8597494018
2018-05-06,9615.743948307034
2018-05-07,9343.777481907433
2018-05-08,9260.789437483407
2018-05-09,9192.79687065563
2018-05-10,9265.143065312655
2018-05-11,8701.13078361202
2018-05-12,8422.756684929274
2018-05-13,8550.046166780056
2018-05-14,8579.873873172772
2018-05-15,8641.886150401542
2018-05-16,8282.21851377502
2018-05-17,8277.625406366718
2018-05-18,8106.188912609971
2018-05-19,8254.128463304614
2018-05-20,8362.053475615578
2018-05-21,8455.101553257535
2018-05-22,8232.819020327775
2018-05-23,7784.482606406806
2018-05-24,7537.9302916374
2018-05-25,7486.139521913094
2018-05-26,7489.087612059258
2018-05-27,7316.551009348536
2018-05-28,7255.020113208076
2018-05-29,7292.843306593192
2018-05-30,7432.153647526799
2018-05-31,7499.828363151246
2018-06-01,7480.842998299717
2018-06-02,7597.067234055128
2018-06-03,7690.580575376408
2018-06-04,7575.5476907345865
2018-06-05,7491.558551911625
2018-06-06,7606.309918205721
2018-06-07,7692.4683367804955
2018-06-08,7629.21300333469
2018-06-09,7630.296580175172
2018-06-10,7132.9023552242525
2018-06-11,6759.8252251132035
2018-06-12,6753.589089460512
2018-06-13,6442.164773967491
2018-06-14,6501.880616603495
2018-06-15,6550.608970816553
2018-06-16,6461.0547344872475
2018-06-17,6508.827389822967
2018-06-18,6523.0901277623
2018-06-19,6717.885852206463
2018-06-20,6679.93104714231
2018-06-21,6736.429177464208
2018-06-22,6359.013820413765
2018-06-23,6135.543846598103
2018-06-24,6023.8896670909435
2018-06-25,6202.87687870321
2018-06-26,6201.5526190336095
2018-06-27,6095.5774029908625
2018-06-28,6081.3805574977605
2018-06-29,5903.3350651305545
2018-06-30,6363.429735609233
2018-07-01,6349.980904651709
2018-07-02,6452.834153986864
2018-07-03,6596.6386435730465
2018-07-04,6570.766852770351
2018-07-05,6581.029784587335
2018-07-06,6541.718840951005
2018-07-07,6573.830823371469
2018-07-08,6738.8721180935745
2018-07-09,6705.525898697216
2018-07-10,6480.199575943745
2018-07-11,6354.062268322145
2018-07-12,6218.799424591444
2018-07-13,6236.444559134059
2018-07-14,6235.684070801002
2018-07-15,6318.013231735982
2018-07-16,6521.050186574161
2018-07-17,6877.673884476539
2018-07-18,7402.580819460976
2018-07-19,7390.090778422766
2018-07-20,7420.196947077814
2018-07-21,7346.385614035317
2018-07-22,7447.723313695186
2018-07-23,7679.362705305651
2018-07-24,8071.240982005918
2018-07-25,8253.338416176684
2018-07-26,8196.09901702876
2018-07-27,8021.010655096661
2018-07-28,8179.726691680431
2018-07-29,8202.498761161012
2018-07-30,8133.522836619849
2018-07-31,7914.756333562005
2018-08-01,7569.664617535836
2018-08-02,7590.004859834708
2018-08-03,7393.8093785787005
2018-08-04,7247.077235219733
2018-08-05,6995.192839452979
2018-08-06,6987.69858203196
2018-08-07,6986.3893742626715
2018-08-08,6444.573924300412
2018-08-09,6393.998556452644
2018-08-10,6394.536288565238
2018-08-11,6184.192153670268
2018-08-12,6305.226968673241
2018-08-13,6345.0272889532225
2018-08-14,6055.786321003208
2018-08-15,6369.941043951965
2018-08-16,6345.04510208509
2018-08-17,6466.560189308671
2018-08-18,6443.114310452302
2018-08-19,6401.7003608656405
2018-08-20,6443.7677115674205
2018-08-21,6399.602282626346
2018-08-22,6578.968414189755
2018-08-23,6433.583567491601
2018-08-24,6552.655532983387
2018-08-25,6713.807658833619
2018-08-26,6670.069420563303
2018-08-27,6713.4146514397535
2018-08-28,6988.2631792007805
2018-08-29,7049.057380905901
2018-08-30,6926.1882488652145
2018-08-31,6979.345931296861
2018-09-01,7110.975123691867
2018-09-02,7240.745144965029
2018-09-03,7260.337289836386
2018-09-04,7322.919696562517
2018-09-05,7112.472917228903
2018-09-06,6421.470819514182
2018-09-07,6443.170149740028
2018-09-08,6348.917552459333
2018-09-09,6295.955871608836
2018-09-10,6287.2353689863685
2018-09-11,6289.49650508535
2018-09-12,6267.719038462472
2018-09-13,6441.487443663272
2018-09-14,6499.971601943516
2018-09-15,6520.305906167756
2018-09-16,6481.711958450328
2018-09-17,6387.062102187686
2018-09-18,6297.10630147555
2018-09-19,6336.263500396324
2018-09-20,6412.2113129532245
2018-09-21,6658.831353718467
2018-09-22,6705.600140284551
2018-09-23,6707.643346377802
2018-09-24,6634.346988715095
2018-09-25,6412.473108576098
2018-09-26,6462.817254197133
2018-09-27,6521.758676072279
2018-09-28,6665.873700380448
2018-09-29,6539.716102934858
2018-09-30,6578.164624514121
2018-10-01,6574.020800956236
2018-10-02,6540.363942092479
2018-10-03,6447.334767598039
2018-10-04,6547.189881402392
2018-10-05,6544.63251383222
2018-10-06,6555.922073264146
2018-10-07,6533.448685133508
2018-10-08,6588.155308965511
2018-10-09,6586.9564092338005
2018-10-10,6515.360999924539
2018-10-11,6213.162666325577
2018-10-12,6201.288677021769
2018-10-13,6195.677906977851
2018-10-14,6226.1260207690675
2018-10-15,6375.661029701257
2018-10-16,6437.748762531298
2018-10-17,6438.221636794063
2018-10-18,6425.722009587468
2018-10-19,6385.3872377542475
2018-10-20,6397.217165889304
2018-10-21,6434.035994542509
2018-10-22,6404.876000667324
2018-10-23,6395.1786999370515
2018-10-24,6425.40594836004
2018-10-25,6400.662835858662
2018-10-26,6400.893078967589
2018-10-27,6406.251028612429
2018-10-28,6402.290679530037
2018-10-29,6325.211437272033
2018-10-30,6264.195688634453
2018-10-31,6277.879061625037
2018-11-01,6311.718670926264
2018-11-02,6351.602754343141
2018-11-03,6333.015924337837
2018-11-04,6369.730653024255
2018-11-05,6404.235911384491
2018-11-06,6413.277403035481
2018-11-07,6506.850121359625
2018-11-08,6448.400227260435
2018-11-09,6365.113235244777
2018-11-10,6354.594868746577
2018-11-11,6337.526091595159
2018-11-12,6350.332649825185
2018-11-13,6289.7193601323725
2018-11-14,6006.365579261713
2018-11-15,5494.319742337805
2018-11-16,5530.634010195516
2018-11-17,5484.919440832444
2018-11-18,5534.734346708526
2018-11-19,5199.94109520589
2018-11-20,4529.7341362043935
2018-11-21,4447.044597243776
2018-11-22,4467.069766823958
2018-11-23,4248.160182601287
2018-11-24,4197.0218484647985
2018-11-25,3756.9321726632156
2018-11-26,3850.9359188902804
2018-11-27,3702.8837805173043
2018-11-28,4057.2945921860774
2018-11-29,4224.798889200139
2018-11-30,4074.566444549815
2018-12-01,4081.6234612502717
2018-12-02,4120.589503435377
2018-12-03,3924.2521580205903
2018-12-04,3904.603216776478
2018-12-05,3802.154822702279
2018-12-06,3694.2460291128687
2018-12-07,3360.0577535520256
2018-12-08,3385.1274285820373
2018-12-09,3471.6984966057476
2018-12-10,3468.016103915769
2018-12-11,3364.5370162823688
2018-12-12,3398.5062178926696
2018-12-13,3360.6047049462545
2018-12-14,3232.8290393998554
2018-12-15,3179.0593374669525
2018-12-16,3217.320694474901
2018-12-17,3338.0597870837605
2018-12-18,3508.657608059425
2018-12-19,3748.438946266989
2018-12-20,3923.3309426052406
2018-12-21,3972.1396087827775
2018-12-22,3851.677453704535
2018-12-23,3978.056280943766
2018-12-24,4126.211925575531
2018-12-25,3773.2598637857213
2018-12-26,3778.891883893179
2018-12-27,3717.518933276413
2018-12-28,3701.742855265371
2018-12-29,3873.0976776927205
2018-12-30,3787.8872244049644
2018-12-31,3756.6091935970267
2019-01-01,3700.678699184263
2019-01-02,3824.381087968742
2019-01-03,3829.1043907331464
2019-01-04,3784.333248162993
2019-01-05,3834.1348999003308
2019-01-06,3885.3312363064815
2019-01-07,4022.4037756356242
2019-01-08,4006.822507628478
2019-01-09,4010.3433117363506
2019-01-10,3792.036096844144
2019-01-11,3636.6807815582692
2019-01-12,3626.334444156507
2019-01-13,3575.310055370955
2019-01-14,3582.6045220701276
2019-01-15,3640.2933370626597
2019-01-16,3603.4896060903284
2019-01-17,3603.1108963190554
2019-01-18,3615.0162402835526
2019-01-19,3676.048963962315
2019-01-20,3600.5671484172353
2019-01-21,3535.8924402909615
2019-01-22,3552.1442090795886
2019-01-23,3568.889252260235
2019-01-24,3554.416967216573
2019-01-25,3556.4355556935047
2019-01-26,3571.749735825
2019-01-27,3544.653609846713
2019-01-28,3436.9412918349367
2019-01-29,3397.8775349802277
2019-01-30,3424.0257292164815
2019-01-31,3424.2888032742417
2019-02-01,3416.594531071117
2019-02-02,3432.0971087290945
2019-02-03,3424.824032234868
2019-02-04,3413.9380681213984
2019-02-05,3419.3179790594336
2019-02-06,3371.2772503979936
2019-02-07,3366.1778129508257
2019-02-08,3455.8028503283163
2019-02-09,3614.8508350041398
2019-02-10,3607.855117072525
2019-02-11,3595.134164029951
2019-02-12,3577.8738073706327
2019-02-13,3581.9735733794737
2019-02-14,3568.821387442703
2019-02-15,3570.4442012532286
2019-02-16,3587.674873840409
2019-02-17,3585.2871700518717
2019-02-18,3756.6733688645004
2019-02-19,3900.731708250319
2019-02-20,3910.910261047882
2019-02-21,3906.534464631225
2019-02-22,3925.7113364517268
2019-02-23,3984.9867935983384
2019-02-24,3985.1708804270697
2019-02-25,3793.163629309673
2019-02-26,3799.540217303013
2019-02-27,3794.9455016428774
2019-02-28,3810.446652930447
2019-03-01,3813.5412836938794
2019-03-02,3804.940802442856
2019-03-03,3800.987502450217
2019-03-04,3723.453458979126
2019-03-05,3769.1668693491292
2019-03-06,3839.430915640903
2019-03-07,3861.3062407765815
2019-03-08,3871.9730141896607
2019-03-09,3891.329312946089
2019-03-10,3892.6368754301884
2019-03-11,3862.9988702185738
2019-03-12,3847.33920740142
2019-03-13,3852.899760318286
2019-03-14,3850.1382019363696
2019-03-15,3878.6403578497307
2019-03-16,3978.641306743275
2019-03-17,3963.411215936667
2019-03-18,3968.9576750204974
2019-03-19,3976.945427989938
2019-03-20,3995.9720014332643
2019-03-21,4005.272133340551
2019-03-22,3981.8002720551817
2019-03-23,3980.3264992944582
2019-03-24,3968.46245122984
2019-03-25,3949.1003203494884
2019-03-26,3908.236851619739
2019-03-27,3994.0737158506363
2019-03-28,4009.1424706244707
2019-03-29,4057.98130480225
2019-03-30,4083.9740598408152
2019-03-31,4088.4294700084174
2019-04-01,4125.683156324461
2019-04-02,4649.127833447874
2019-04-03,5038.385738468254
2019-04-04,4971.545798205418
2019-04-05,4980.670549616031
2019-04-06,5044.045355965486
2019-04-07,5128.484710430335
2019-04-08,5241.454285995179
2019-04-09,5221.160476532499
2019-04-10,5270.750017079176
2019-04-11,5129.666959568332
2019-04-12,5047.457160680199
2019-04-13,5084.583871902047
2019-04-14,5078.929244976857
2019-04-15,5121.256873948458
2019-04-16,5098.903679622812
2019-04-17,5218.59722040334
2019-04-18,5263.827501811347
2019-04-19,5259.180188799351
2019-04-20,5313.194743326623
2019-04-21,5287.273093444004
2019-04-22,5317.854806459386
2019-04-23,5532.9746966897565
2019-04-24,5487.736644192159
2019-04-25,5422.8773982861085
2019-04-26,5149.359096159837
2019-04-27,5165.037288717595
2019-04-28,5169.575513691476
2019-04-29,5154.81654336067
2019-04-30,5200.883942799437
2019-05-01,5304.5212400299915
2019-05-02,5362.337862155496
2019-05-03,5618.7996954496475
2019-05-04,5694.984820152449
2019-05-05,5722.166836310573
2019-05-06,5656.929467735292
2019-05-07,5864.269775568949
2019-05-08,5844.480875511197
2019-05-09,6047.488290597913
2019-05-10,6290.828123699577
2019-05-11,6806.48747059431
2019-05-12,7154.9551372121105
2019-05-13,7409.110545395556
2019-05-14,7992.089707485142
2019-05-15,8054.587950808817
2019-05-16,7993.425148022656
2019-05-17,7262.418007899218
2019-05-18,7325.731918952011
2019-05-19,7933.9268158052155
2019-05-20,7906.096424482967
2019-05-21,7952.526758231092
2019-05-22,7890.29452589542
2019-05-23,7702.740478159255
2019-05-24,7983.344116740006
2019-05-25,8046.300617381784
2019-05-26,8128.546958223451
2019-05-27,8784.562189371667
2019-05-28,8727.337766359067
2019-05-29,8648.244324281599
2019-05-30,8632.743963722436
2019-05-31,8351.777835872286
2019-06-01,8543.924060004654
2019-06-02,8670.265812880712
2019-06-03,8532.593172662384
2019-06-04,7850.979304918054
2019-06-05,7773.4777406099365
2019-06-06,7751.680285119101
2019-06-07,7938.729206254168
2019-06-08,7940.5253349988625
2019-06-09,7798.498155120784
2019-06-10,7819.5486367820695
2019-06-11,7896.830013286613
2019-06-12,8036.509587763991
2019-06-13,8169.588231822856
2019-06-14,8353.217492064297
2019-06-15,8727.687036371799
2019-06-16,9095.289101530452
2019-06-17,9235.846432505909
2019-06-18,9152.500069336686
2019-06-19,9148.01395901445
2019-06-20,9353.22648559646
2019-06-21,9801.48601844826
2019-06-22,10724.80500475833
2019-06-23,10746.900511013211
2019-06-24,10846.846268886118
2019-06-25,11315.817028152782
2019-06-26,12643.58268406806
2019-06-27,11804.629165520822
2019-06-28,11679.43835006045
2019-06-29,11854.537295204322
2019-06-30,11542.5519109653
2019-07-01,10688.316669892505
2019-07-02,10303.947255003688
2019-07-03,11345.214704756921
2019-07-04,11759.042504677078
2019-07-05,11139.493770149711
2019-07-06,11415.369265018257
2019-07-07,11311.47674802796
2019-07-08,11794.10358029435
2019-07-09,12513.87310001388
2019-07-10,12648.77722987224
2019-07-11,11583.33114395624
2019-07-12,11584.53226697636
2019-07-13,11428.597803701208
2019-07-14,10857.026633891062
2019-07-15,10417.313950106387
2019-07-16,10355.675152687822
2019-07-17,9577.424253618532
2019-07-18,10054.174637386332
2019-07-19,10472.448828593731
2019-07-20,10680.276549055909
2019-07-21,10577.614454422597
2019-07-22,10450.157570706906
2019-07-23,10070.725015713168
2019-07-24,9702.591536684673
2019-07-25,10016.952398913825
2019-07-26,9774.724239339514
2019-07-27,9728.204527019083
2019-07-28,9484.914105643693
2019-07-29,9539.378363609236
2019-07-30,9540.448916710371
2019-07-31,9857.746978877933
2019-08-01,10085.104546979139
2019-08-02,10475.070739547555
2019-08-03,10784.832144716522
2019-08-04,10820.892324169692
2019-08-05,11675.761776815854
2019-08-06,11757.580574404436
2019-08-07,11711.54347617361
2019-08-08,11801.34874174219
2019-08-09,11819.34219296096
2019-08-10,11578.771028918314
2019-08-11,11378.232876254124
2019-08-12,11395.233641041516
2019-08-13,11137.508863135607
2019-08-14,10438.67062931218
2019-08-15,10011.096071667123
2019-08-16,10230.70722326068
2019-08-17,10296.33160926951
2019-08-18,10292.527044551465
2019-08-19,10615.609217593972
2019-08-20,10752.1643426221
2019-08-21,10194.123627454293
2019-08-22,10046.30446167785
2019-08-23,10263.667598541551
2019-08-24,10155.542089256624
2019-08-25,10100.656939299764
2019-08-26,10345.745626969783
2019-08-27,10173.438323876951
2019-08-28,10042.669013722923
2019-08-29,9519.195568464858
2019-08-30,9534.773569215095
2019-08-31,9593.487448702252
2019-09-01,9626.724277129402
2019-09-02,9950.814406600137
2019-09-03,10522.250217800676
2019-09-04,10563.647519247543
2019-09-05,10564.875481794745
2019-09-06,10659.807003605321
2019-09-07,10425.199010551296
2019-09-08,10460.721158303631
2019-09-09,10301.052740780638
2019-09-10,10220.789594924776
2019-09-11,10063.616404874583
2019-09-12,10219.738823657233
2019-09-13,10316.605586066487
2019-09-14,10341.913357534808
2019-09-15,10316.665172788827
2019-09-16,10252.573076358092
2019-09-17,10216.732469111434
2019-09-18,10194.849184511997
2019-09-19,9989.622671113477
2019-09-20,10174.286765040255
2019-09-21,10038.312742536098
2019-09-22,9978.878329965732
2019-09-23,9877.505049456986
2019-09-24,9423.226721940324
2019-09-25,8448.935015594026
2019-09-26,8251.52323198598
2019-09-27,8039.224140808501
2019-09-28,8158.789736606602
2019-09-29,8073.95375222317
2019-09-30,8072.616631082386
2019-10-01,8362.338726063752
2019-10-02,8257.532897378915
2019-10-03,8244.961882187728
2019-10-04,8146.725816650436
2019-10-05,8108.012260229538
2019-10-06,7980.2613741350415
2019-10-07,8040.774269721862
2019-10-08,8209.567752138208
2019-10-09,8338.76799264134
2019-10-10,8560.788050894624
2019-10-11,8398.904302291328
2019-10-12,8334.02326403814
2019-10-13,8358.546977063057
2019-10-14,8308.311406457315
2019-10-15,8264.189831188703
2019-10-16,8064.522897802506
2019-10-17,8032.837878443989
2019-10-18,7962.841632669786
2019-10-19,7959.600127137167
2019-10-20,8020.297620718581
2019-10-21,8222.446397849373
2019-10-22,8199.581749915322
2019-10-23,7736.604987101151
2019-10-24,7450.100639864561
2019-10-25,7880.584318722871
2019-10-26,9318.768119687262
2019-10-27,9413.283675192675
2019-10-28,9476.646249183545
2019-10-29,9383.479470677556
2019-10-30,9193.173796062187
2019-10-31,9172.688580832557
2019-11-01,9155.013009841956
2019-11-02,9281.022513483951
2019-11-03,9217.614908547763
2019-11-04,9257.23580962384
2019-11-05,9343.976273420229
2019-11-06,9335.80494836049
2019-11-07,9237.51896789627
2019-11-08,8978.654813496498
2019-11-09,8810.738395148996
2019-11-10,8896.594757823774
2019-11-11,8792.920336487043
2019-11-12,8734.287632799302
2019-11-13,8747.939129337929
2019-11-14,8655.655597415269
2019-11-15,8539.642750726824
2019-11-16,8470.017927284358
2019-11-17,8514.029198381439
2019-11-18,8378.876831365855
2019-11-19,8115.508755776801
2019-11-20,8098.433021968145
2019-11-21,7847.416641400142
2019-11-22,7341.8049821413415
2019-11-23,7242.510170653162
2019-11-24,7146.012933634438
2019-11-25,6961.916463382017
2019-11-26,7140.8799299101365
2019-11-27,7252.149434008632
2019-11-28,7522.175880529569
2019-11-29,7612.064453473588
2019-11-30,7653.768929907254
2019-12-01,7353.310525060708
2019-12-02,7309.541874785915
2019-12-03,7319.050655238823
2019-12-04,7276.937708947525
2019-12-05,7328.98692136773
2019-12-06,7405.110015872575
2019-12-07,7532.677123219305
2019-12-08,7495.626457542383
2019-12-09,7460.901284415645
2019-12-10,7300.556087797422
2019-12-11,7210.646917069643
2019-12-12,7172.286553317039
2019-12-13,7226.902418159898
2019-12-14,7164.373492626393
2019-12-15,7089.723106689307
2019-12-16,7032.860391371814
2019-12-17,6790.183639408675
2019-12-18,6770.356285148962
2019-12-19,7148.243145801386
2019-12-20,7150.839262453884
2019-12-21,7148.361459371377
2019-12-22,7228.238391081989
2019-12-23,7504.05556303263
2019-12-24,7296.419569266676
2019-12-25,7210.937964009372
2019-12-26,7221.176955374911
2019-12-27,7191.861071997471
2019-12-28,7298.7132554672735
2019-12-29,7345.635970926209
2019-12-30,7297.912752203773
2019-12-31,7199.048192231038
2020-01-01,7195.811552696488
2020-01-02,7072.477633719385
2020-01-03,7218.040866931673
2020-01-04,7321.919470839411
2020-01-05,7430.027209611784
2020-01-06,7533.920318682511
2020-01-07,7929.897113517012
2020-01-08,8235.623274372892
2020-01-09,7898.569229036512
2020-01-10,7888.135214954424
2020-01-11,8113.36082587181
2020-01-12,8111.715362809299
2020-01-13,8102.893845324083
2020-01-14,8574.611704362773
2020-01-15,8743.692143647299
2020-01-16,8674.415975438425
2020-01-17,8852.804577276258
2020-01-18,8891.81703206553
2020-01-19,8847.166821810986
2020-01-20,8644.707999736635
2020-01-21,8646.193566877131
2020-01-22,8665.68548639555
2020-01-23,8435.602730355537
2020-01-24,8383.325486647325
2020-01-25,8321.535235775198
2020-01-26,8430.129199500645
2020-01-27,8723.535466510937
2020-01-28,9041.676236459427
2020-01-29,9331.03335799911
2020-01-30,9370.896512382269
2020-01-31,9342.279203230477
2020-02-01,9372.449065826619
2020-02-02,9377.036114146784
2020-02-03,9330.400380776719
2020-02-04,9202.938405466684
2020-02-05,9403.1671514213
2020-02-06,9689.417025456103
2020-02-07,9776.736692524188
2020-02-08,9813.044905712402
2020-02-09,10080.72238297771
2020-02-10,9922.395658425206
2020-02-11,9957.71639903565
2020-02-12,10344.239488393756
2020-02-13,10286.246258415276
2020-02-14,10262.061382627087
2020-02-15,10143.891251224088
2020-02-16,9905.53388478716
2020-02-17,9720.58739864132
2020-02-18,9846.39599149806
2020-02-19,10098.862828333082
2020-02-20,9582.246888371184
2020-02-21,9689.815450513626
2020-02-22,9660.397790837427
2020-02-23,9870.245958296518
2020-02-24,9735.0504591909
2020-02-25,9490.032467298826
2020-02-26,9033.428049063674
2020-02-27,8796.161047472155
2020-02-28,8698.50545896494
2020-02-29,8686.213148361267
2020-03-01,8557.198634572247
2020-03-02,8747.601872178893
2020-03-03,8791.293455052888
2020-03-04,8761.143370995156
2020-03-05,9019.792645918424
2020-03-06,9098.213160726635
2020-03-07,9053.83207624784
2020-03-08,8569.848185239654
2020-03-09,7882.121460787503
2020-03-10,7948.204795786243
2020-03-11,7849.994645347671
2020-03-12,6666.828861681947
2020-03-13,5294.226216340619
2020-03-14,5410.145281967313
2020-03-15,5300.8230481772
2020-03-16,4985.279471287821
2020-03-17,5313.574447863542
2020-03-18,5285.267935995225
2020-03-19,5765.021215411856
2020-03-20,6361.389077256465
2020-03-21,6169.080863856641
2020-03-22,6132.192548689882
2020-03-23,6105.912299011578
2020-03-24,6653.247179086826
2020-03-25,6662.127716616787
2020-03-26,6671.740301294881
2020-03-27,6692.031633925075
2020-03-28,6227.902488380876
2020-03-29,6104.824055534396
2020-03-30,6274.273825478291
2020-03-31,6451.763185970719
2020-04-01,6308.424179516391
2020-04-02,6724.47057075529
2020-04-03,6814.820556971707
2020-04-04,6773.376351167198
2020-04-05,6796.675729856801
2020-04-06,7092.20980782568
2020-04-07,7318.081696902668
2020-04-08,7302.501675313949
2020-04-09,7304.854342283657
2020-04-10,6972.9333258345405
2020-04-11,6871.078166278377
2020-04-12,6954.0613122503755
2020-04-13,6751.871765907476
2020-04-14,6884.686986010119
2020-04-15,6798.847553762733
2020-04-16,6914.666410146706
2020-04-17,7071.901788128164
2020-04-18,7153.927558603211
2020-04-19,7166.96847035074
2020-04-20,7050.526232960043
2020-04-21,6867.155475591543
2020-04-22,7006.153003182828
2020-04-23,7303.817318437702
2020-04-24,7521.625762324777
2020-04-25,7544.735051663962
2020-04-26,7603.793608820947
2020-04-27,7715.970909100279
2020-04-28,7730.878020961837
2020-04-29,8245.722380213285
2020-04-30,8894.275984848106
2020-05-01,8784.642784720207
2020-05-02,8873.989539326558
2020-05-03,8979.892588601404
2020-05-04,8772.605609500622
2020-05-05,8930.913681363849
2020-05-06,9164.282146281499
2020-05-07,9492.195702154653
2020-05-08,9924.461951193884
2020-05-09,9727.209380738625
2020-05-10,8687.485435756498
2020-05-11,8706.762334109952
2020-05-12,8774.268432777048
2020-05-13,9045.862951861684
2020-05-14,9577.180130024612
2020-05-15,9523.737060923517
2020-05-16,9403.56427666102
2020-05-17,9626.880262499786
2020-05-18,9721.819166062292
2020-05-19,9670.35267339297
2020-05-20,9670.785648144505
2020-05-21,9279.322026266462
2020-05-22,9124.649396746332
2020-05-23,9205.783900625256
2020-05-24,9119.084263966222
2020-05-25,8819.204823993834
2020-05-26,8859.416745109052
2020-05-27,9030.153561311428
2020-05-28,9321.504287944157
2020-05-29,9454.194394877908
2020-05-30,9507.292082854152
2020-05-31,9546.667359008288
2020-06-01,9585.242823246666
2020-06-02,9880.582896244676
2020-06-03,9551.918962460255
2020-06-04,9700.439323044982
2020-06-05,9742.02892493151
2020-06-06,9637.024958752816
2020-06-07,9618.213260328099
2020-06-08,9725.488576168926
2020-06-09,9712.81476224812
2020-06-10,9788.521959529091
2020-06-11,9639.95364215922
2020-06-12,9411.404525844648
2020-06-13,9426.981678573986
2020-06-14,9403.238615212738
2020-06-15,9244.433018226351
2020-06-16,9493.595172876228
2020-06-17,9442.657481252047
2020-06-18,9406.255930210364
2020-06-19,9326.58814320612
2020-06-20,9301.563679662215
2020-06-21,9348.204026697782
2020-06-22,9482.184810315599
2020-06-23,9638.217570861838
2020-06-24,9436.925195856926
2020-06-25,9231.493230758922
2020-06-26,9180.609944562828
2020-06-27,9106.159939018455
2020-06-28,9056.25733932299
2020-06-29,9116.123239308003
2020-06-30,9150.825424038167
2020-07-01,9191.841695595116
2020-07-02,9166.082435541168
2020-07-03,9093.86323172761
2020-07-04,9091.767435316166
2020-07-05,9062.05921703053
2020-07-06,9216.14457661028
2020-07-07,9269.029049758985
2020-07-08,9346.710768472229
2020-07-09,9327.67512244848
2020-07-10,9200.495958052374
2020-07-11,9238.790536103697
2020-07-12,9249.438246949527
2020-07-13,9278.539033505616
2020-07-14,9220.123137702056
2020-07-15,9221.474235418797
2020-07-16,9130.464282660958
2020-07-17,9134.885430465985
2020-07-18,9162.235904973737
2020-07-19,9154.807427888656
2020-07-20,9177.71558705349
2020-07-21,9309.146587307883
2020-07-22,9366.081211529487
2020-07-23,9541.14494662019
2020-07-24,9557.228596370733
2020-07-25,9619.470008863225
2020-07-26,9834.34345093738
2020-07-27,10435.77195985603
2020-07-28,10985.119592693065
2020-07-29,11096.370981655044
2020-07-30,11033.542140439728
2020-07-31,11196.16388741341
2020-08-01,11610.522017505595
2020-08-02,11333.746837542161
2020-08-03,11255.501070308337
2020-08-04,11243.48303516029
2020-08-05,11465.564492601683
2020-08-06,11755.58119980418
2020-08-07,11716.411607805456
2020-08-08,11685.07527079242
2020-08-09,11672.13134572093
2020-08-10,11899.919358701884
2020-08-11,11632.64165288171
2020-08-12,11463.679295341895
2020-08-13,11551.097077250179
2020-08-14,11755.181942272979
2020-08-15,11876.95338583217
2020-08-16,11850.765200290209
2020-08-17,12056.323421185645
2020-08-18,12164.403587578212
2020-08-19,11797.516510981275
2020-08-20,11799.526727126475
2020-08-21,11744.323115112582
2020-08-22,11559.842808898182
2020-08-23,11623.091878436793
2020-08-24,11733.96626806391
2020-08-25,11506.833402339877
2020-08-26,11405.160311917942
2020-08-27,11346.124717479432
2020-08-28,11442.939620304414
2020-08-29,11507.104337665949
2020-08-30,11609.048559349349
2020-08-31,11685.020310521584
2020-09-01,11874.642536686833
2020-09-02,11576.253069074448
2020-09-03,11039.063579204321
2020-09-04,10391.276090070347
2020-09-05,10268.003898553527
2020-09-06,10201.799719070545
2020-09-07,10159.821534655233
2020-09-08,10146.578532762547
2020-09-09,10188.169891084865
2020-09-10,10339.359895954043
2020-09-11,10303.242946947665
2020-09-12,10373.259994796503
2020-09-13,10393.662602084078
2020-09-14,10511.558141261514
2020-09-15,10774.090146760844
2020-09-16,10895.03143561061
2020-09-17,10892.677561047374
2020-09-18,10925.275534520648
2020-09-19,11013.781351278085
2020-09-20,10915.45825408122
2020-09-21,10677.04217749131
2020-09-22,10467.79982894444
2020-09-23,10429.324101451008
2020-09-24,10447.154971139658
2020-09-25,10671.424398447627
2020-09-26,10716.311805883746
2020-09-27,10717.587523472934
2020-09-28,10878.729324832051
2020-09-29,10729.49535984686
2020-09-30,10741.212745922287
2020-10-01,10755.63820110957
2020-10-02,10528.457687540187
2020-10-03,10549.99993040664
2020-10-04,10604.973839338634
2020-10-05,10705.634581668563
2020-10-06,10699.247307400145
2020-10-07,10621.147949777702
2020-10-08,10734.447340398325
2020-10-09,10983.384095603922
2020-10-10,11334.302728770823
2020-10-11,11360.626362271316
2020-10-12,11447.596319805223
2020-10-13,11450.011132570118
2020-10-14,11405.501558826803
2020-10-15,11415.065075223158
2020-10-16,11364.835083056
2020-10-17,11343.749377836299
2020-10-18,11424.963448037346
2020-10-19,11587.264630524502
2020-10-20,11845.688666804634
2020-10-21,12458.755897932593
2020-10-22,12933.452571687387
2020-10-23,12933.337158049088
2020-10-24,13030.405935015915
2020-10-25,13056.228187102959
2020-10-26,13067.70965387573
2020-10-27,13368.090398184955
2020-10-28,13444.61943090971
2020-10-29,13330.564563991633
2020-10-30,13435.770794682676
2020-10-31,13738.185588586952
2020-11-01,13769.800513425602
2020-11-02,13596.939398092709
2020-11-03,13612.77417941822
2020-11-04,13900.019495758215
2020-11-05,14730.150417582641
2020-11-06,15583.101231359724
2020-11-07,15342.928405946426
2020-11-08,15202.594518399836
2020-11-09,15381.907919403448
2020-11-10,15327.286289963866
2020-11-11,15593.693127775707
2020-11-12,15927.901184766653
2020-11-13,16290.81692118418
2020-11-14,16029.412185657806
2020-11-15,15995.998189848071
2020-11-16,16372.39734817653
2020-11-17,17083.845872113267
2020-11-18,17884.628245262506
2020-11-19,17843.01880314236
2020-11-20,18336.446450956217
2020-11-21,18711.31422781042
2020-11-22,18432.242585682645
2020-11-23,18448.16646538194
2020-11-24,18862.79301058334
2020-11-25,19056.07885665344
2020-11-26,17390.736701274283
2020-11-27,16987.86882838683
2020-11-28,17312.290464663183
2020-11-29,17991.419820260784
2020-11-30,18913.478020126488
2020-12-01,19264.72192229652
2020-12-02,18953.713099227087
2020-12-03,19282.563097308335
2020-12-04,19121.886986334714
2020-12-05,18998.079583495823
2020-12-06,19145.14846656942
2020-12-07,19198.998589492392
2020-12-08,18942.096815483357
2020-12-09,18265.61394815205
2020-12-10,18303.163093656254
2020-12-11,17937.337420969445
2020-12-12,18471.79417569884
2020-12-13,19113.047104531674
2020-12-14,19161.334182659233
2020-12-15,19352.60234239375
2020-12-16,20077.722920459753
2020-12-17,22616.832315700016
2020-12-18,22884.61391463473
2020-12-19,23360.905627054184
2020-12-20,23594.411731075204
2020-12-21,23259.466833602102
2020-12-22,23097.83040414722
2020-12-23,23530.78834177154
2020-12-24,23219.253677889596
2020-12-25,24016.3946622597
2020-12-26,25267.112615189963
2020-12-27,27043.386470000005
2020-12-28,26964.020499138907
2020-12-29,26671.00809917778
2020-12-30,28141.234408113214
2020-12-31,28881.524878111817
2021-01-01,29288.824916593705
2021-01-02,30757.429532760427
2021-01-03,33467.36252562915
2021-01-04,31856.12268529163
2021-01-05,32273.087909194484
2021-01-06,34904.997382513895
2021-01-07,38067.44547187983
2021-01-08,39807.603738850725
2021-01-09,40395.370087963165
2021-01-10,39727.27752555421
2021-01-11,34277.110007714575
2021-01-12,34840.250152749315
2021-01-13,34673.97475176043
2021-01-14,38508.45668270349
2021-01-15,37468.42796355629
2021-01-16,36843.154360111876
2021-01-17,35650.76418554722
2021-01-18,36046.172744233656
2021-01-19,36858.91067922985
2021-01-20,35152.737303960435
2021-01-21,32949.072451710425
2021-01-22,31861.05734117567
2021-01-23,32351.814826670856
2021-01-24,32225.07011977885
2021-01-25,33353.08542052355
2021-01-26,31997.221463516013
2021-01-27,31149.419363921512
2021-01-28,31793.884442463186
2021-01-29,35051.46781385279
2021-01-30,34053.71261722708
2021-01-31,33450.93785876327
2021-02-01,33705.97519064721
2021-02-02,34713.696400108354
2021-02-03,36573.09481030624
2021-02-04,37541.548132422206
2021-02-05,37630.04921400489
2021-02-06,39814.35655457264
2021-02-07,38711.77455524941
2021-02-08,41196.61444486643
2021-02-09,46684.490849562455
2021-02-10,45798.7337153625
2021-02-11,46272.21566854445
2021-02-12,47603.415420118086
2021-02-13,47273.84991914459
2021-02-14,48600.49151849026
2021-02-15,47862.39794598202
2021-02-16,48845.16600342642
2021-02-17,50913.92413875071
2021-02-18,51893.311181218756
2021-02-19,53083.8791087993
2021-02-20,56271.288537679146
2021-02-21,57040.82594383049
2021-02-22,54708.31202510767
2021-02-23,48968.837945908424
2021-02-24,49800.28486888126
2021-02-25,49985.23481495351
2021-02-26,46655.920048518725
2021-02-27,47130.208060158875
2021-02-28,44818.44755210362
2021-03-01,47641.53689948156
2021-03-02,48617.28932090135
2021-03-03,50429.44901579067
2021-03-04,49398.2503985708
2021-03-05,47717.64330027977
2021-03-06,48371.54353797001
2021-03-07,50218.21680438112
2021-03-08,50798.35421240729
2021-03-09,53980.847261679024
2021-03-10,55375.36624125794
2021-03-11,56272.596972013926
2021-03-12,56826.56003304944
2021-03-13,58802.601567706326
2021-03-14,60455.84483148646
2021-03-15,57507.73450910979
2021-03-16,55339.80479183194
2021-03-17,56158.0173198603
2021-03-18,58472.11732155986
2021-03-19,58283.54799432517
2021-03-20,58779.76938655648
2021-03-21,57312.59853645818
2021-03-22,56787.14842211064
2021-03-23,54703.38774047086
2021-03-24,55123.99385491758
2021-03-25,52121.68411029948
2021-03-26,53241.03748850518
2021-03-27,55193.35725955907
2021-03-28,55832.958823907036
2021-03-29,56913.99381926178
2021-03-30,58346.912268295404
2021-03-31,58764.349363
